DroneID,px,py,pz,vx,vy,vz,thrustZ
0,106.0,116.0,52.8038,60.0,160.0,28.038,435.28499999999997
0,117.24000000000001,145.97333333333333,58.056252,112.4,299.73333333333335,52.524519999999995,384.8166
0,132.93626666666668,187.83004444444444,65.39111741333333,156.96266666666668,418.5671111111111,73.34865413333333,332.32946400000003
0,152.29953955555558,239.46543881481483,74.43957483431112,193.6327288888889,516.3539437037037,90.48457420977778,279.08866656
0,174.55140587851855,298.8037490093827,84.8378719670317,222.51866322962962,593.3831019456791,103.98297132720592,226.23941418239997
0,198.93871167612843,363.83656446967575,96.23405996625479,243.87305797609875,650.3281546029301,113.96187999223095,174.796927108096
0,224.745930621804,432.6558149914773,108.29377337956899,258.07218945675584,688.1925052180158,120.59713413314202,125.6400001128892
0,251.30546093417144,503.4812291577905,120.7050418945383,265.5953031236744,708.2541416631319,124.11268514969308,79.50797866158
0,278.0058654612029,574.6823078965411,133.18214093002013,267.00404527031486,712.0107873875064,124.77099035481815,37.00084659184549
0,304.2981095294603,644.7949587452275,145.4685065831168,262.922440682574,701.1265084868642,122.86365653096686,-1.417908322287606
0,329.699885373181,712.5330276618162,157.3387564348875,254.0177584372074,677.3806891658865,118.70249851770704,-35.41600454580072
0,353.7981407527746,776.795042007399,168.5998711737716,240.98255379593573,642.6201434558286,112.61114738884079,-64.78501708122306
0,376.24995274348936,836.666540649305,179.09160291703262,224.51811990714765,598.7149864190604,104.91731743261012,-89.43133460457597
0,396.7819057336581,891.418415289755,188.68618454933846,205.31952990168736,547.5187464044997,95.94581632305851,-109.36578490001304
0,415.18814562353566,940.5017216627618,197.28742044987825,184.06239889877577,490.8330637300687,86.01235900539791,-124.69227813260315
0,431.32729034602227,983.539440922726,204.82924277869623,161.39144722486589,430.37719259964234,75.41822328817982,-135.59579985773163
0,445.11838049118984,1020.3156813098395,211.27381920353304,137.91090145167573,367.7624038711353,64.44576424836805,-142.3300632683584
0,456.53605341104907,981.573279293756,216.60929775898325,114.17672919859234,-184.26720706244043,53.354785554502186,-145.2051039831512
0,465.60512015123567,963.4806098769695,220.84727264667245,90.69066740186601,-180.92669416786464,42.37974887689197,-144.575071608703
0,472.3947173694443,946.0482130004342,224.02005142674136,67.8959721820865,-174.323968765353,31.727787800689008,-140.8264412553553
0,477.0121965369885,929.5543075307206,226.17779944173475,46.17479167544174,-164.9390546971355,21.577480149933905,-134.36683598125762
0,479.59690066258815,914.2286658271621,227.3856316796275,25.847041255996928,-153.25641703558517,12.07832237892734,-125.6146185501051
0,480.3139650015388,900.2531859221066,227.72071584521913,7.170643389506292,-139.75479905055516,3.3508416559162573,-114.9893786072735
0,479.34826317763725,887.7633601551482,227.26944338290994,-9.657018239015471,-124.89825766958393,-4.5127246230919695,-102.90341001953178
0,476.89860428473247,876.8505152668957,226.12471778225552,-24.496588929047935,-109.12844888252462,-11.447256006544148,-89.75424321409187
0,473.17227025470953,867.5646968613856,224.3834018900258,-37.263340300229316,-92.85818405510115,-17.413158922297207,-75.91826933695032
0,468.3799664494615,859.9180718152355,222.1439583218334,-47.923038052480095,-76.46625046150082,-22.394435681923998,-61.74546728663158
0,462.73124238778405,853.8887253377034,219.5043095678115,-56.48724061677452,-60.29346477532117,-26.396487540218786,-47.55522144261418
0,456.43042404492985,849.424734644354,216.55993715619573,-63.00818342854205,-44.639906933494245,-29.44372411615775,-33.633197393106336
0,449.67308451108147,846.448408265408,213.4022323920284,-67.57339533848354,-29.76326378945899,-31.577047641673403,-20.229225294350567
0,442.643066170622,844.8605885349082,210.11710482153168,-70.30018340459492,-15.878197304998302,-32.85127570496725,-7.556125713575082
0,435.5100551297324,844.5449244716301,206.78384876212397,-71.33011040889586,-3.1566406327801175,-33.33256059407708,4.2105990928558255
0,428.42769749727637,845.3720327523358,203.47426304047727,-70.82357632456012,8.271082807057073,-33.09585721646698,14.93229460474372
0,421.53223739567017,847.2034754947196,200.25201453499668,-68.95460101606231,18.314427423837152,-32.22248505480596,24.505996703268664
0,414.94164829032184,849.895494834688,197.1722322460674,-65.90589105348303,26.920193399683946,-30.797822889292657,32.86268397721891
0,408.75522239040424,853.302455548366,194.28131542303592,-61.864258999175874,34.06960713678007,-28.909168230314922,39.96503759573676
0,403.0535774720031,857.2799580082843,191.61693675266707,-57.01644918401129,39.775024599183666,-26.643786703688516,45.80480607636461
0,397.8990364621247,861.687594378979,189.2082197387509,-51.54541009878404,44.07636370694721,-24.08717013916182,50.39986979753156
0,393.33633243072416,866.3913309825534,187.0760681448774,-45.62704031400534,47.0373660357437,-21.32151593873474,53.79109599249003
0,389.3935901807252,871.2655090620955,185.2336246914529,-39.4274224999896,48.741780795420354,-18.424434534245187,56.03906947346988
0,386.08353530044496,876.1944646319112,183.68683604589793,-33.10054880280242,49.28955569815642,-15.46788645554961,57.22077772700911
0,383.404882234719,881.0737756483082,182.43510146828422,-26.786530657259156,48.79311016397084,-12.517345776137239,57.426321545630614
0,381.3438545179762,885.8111513099901,181.47198321625027,-20.610277167428652,47.373756616818966,-9.631182520339443,56.75571425935321
0,379.8757926673264,890.3269838748928,180.7859579134416,-14.680618506498167,45.15832564902692,-6.860253028086623,55.31582413175836
0,378.9668082273993,894.5545879553747,180.3611894846637,-9.089844399270305,42.27604080481883,-4.247684287779036,53.21750580180516
0,378.5754459631832,898.4401558414977,180.17830589859548,-3.9136226421613385,38.855678861229876,-1.8288358606820116,50.57295797767746
0,378.65432008788645,901.942460036271,180.2151637770693,0.7887412470325641,35.02304194773248,0.3685787847383062,47.49333609523657
0,379.15169457086364,905.0323359162096,180.44758687296454,4.973744829771801,30.898758799386822,2.324230958952359,44.08664049168462
0,380.0129818842393,907.6919783172973,180.85006643450498,8.612873133756748,26.596424010876973,4.024795615404534,40.455892942677856
0,381.18213891317015,909.9140859625898,181.39641351412436,11.691570289308167,22.22107645292397,5.46347079619372,36.69760727337825
0,382.60294308075163,911.7008870731325,182.06035530163518,14.208041675814599,17.868011105427463,6.639417875108184,32.900553263336334
0,384.22013594217606,913.0630783237548,182.8160695257788,16.17192861424405,13.621912506222024,7.557142241436274,29.144807282432176
0,385.98042551287165,914.0187076078355,183.63865284216487,17.60289570695614,9.556292840807386,8.225833163860646,25.501078060509183
0,387.83334235243564,914.5920289494576,184.50452088129313,18.52916839563982,5.733213416220832,8.658680391282536,22.03029172771441
0,389.7319478820641,914.8123554356508,185.3917392452885,18.986055296284448,2.203264861932426,8.872183639953771,18.783416769196798
0,391.6333965308909,914.7129333212705,186.28028619888528,19.014486488267952,-0.9942211438038648,8.885469535967667,15.801506804203825
0,393.4993560598917,914.3298575659986,187.15224908678735,18.65959529000786,-3.8307575527188855,8.719628879020727,13.115937099392667
0,395.29629278460123,913.7010460733025,187.99195761824413,17.969367247095352,-6.28811492696193,8.397085314567713,10.748809421106863
0,396.99563040298307,912.8652868850278,188.78605808731396,16.993376183818267,-8.35759188274648,7.941004690698331,8.713499173416043
0,398.5737927340112,911.8613696058019,189.5235333446034,15.781623310281038,-10.039172792259079,7.3747525728943835,7.015318702010618
0,400.0121418950494,910.727309444244,190.19567390755657,14.383491610382155,-11.340601615578487,6.721405629531635,5.652271106848201
0,401.2968243076759,909.4996695110342,190.79600599897694,12.846824126264842,-12.276399332098924,6.003320914203613,4.615869833032844
0,402.41853744346867,908.212984447146,191.32018254733293,11.217131357928084,-12.866850638881878,5.24176548355984,3.892000631763767
0,403.37223042924086,906.8992861011296,191.7658432795843,9.536929857722022,-13.136983460163684,4.456607322513538,3.461804132661438
0,404.1567515546125,905.5877298566658,192.1324500014705,7.845211253716835,-13.115562444638817,3.666067218861903,3.3025591774768275
0,404.774455395519,904.3043183478114,192.42110300632606,6.177038409064535,-12.834115088543829,2.8865300485558687,3.3885491672956807
0,405.2307817188184,903.071717699612,192.63434429720385,4.563263232993851,-12.326006481994774,2.13241290877803,3.6918959081880045
0,405.53381759992277,901.9091600998948,192.77595296444395,3.0303588110441644,-11.625575997171067,1.4160866724009362,4.183347745221396
0,405.69385330171093,900.8324254421497,192.85073764788956,1.600357017881566,-10.76734657745179,0.7478468344560473,4.833011098066758
0,405.7229414626075,899.8538939723876,192.86433054547652,0.2908816089653461,-9.785314697620196,0.13592897586949027,5.611016804647251
0,405.6344680570896,898.9826613132858,192.822986923078,-0.8847340551791201,-8.712326591018227,-0.41343622398522595,6.488114899766205
0,405.4427424536851,898.2247069115558,192.7333935486071,-1.917256034044596,-7.57954401730011,-0.8959337447090667,7.436193566743865
0,405.16261273223677,897.5831068411126,192.60248892977427,-2.8012972144835313,-6.416000704432594,-1.3090461883281856,8.428719971242309
0,404.80911125976485,897.0582819746943,192.43729769168814,-3.535014724719308,-5.248248664182298,-1.651912380861366,9.441102493169474
0,404.39713438582794,896.6482727878667,192.24478089849742,-4.119768739368885,-4.100091868275046,-1.925167931907116,10.450975496227613
0,403.9411590240611,896.3490324585435,192.03170361194378,-4.559753617668458,-2.99240329323239,-2.1307728655365086,11.438409202368398
0,403.4549978537348,896.1547304485106,191.8045204970503,-4.861611703262711,-1.9430201003296446,-2.2718311489347043,12.386048462473411
0,402.95159391783534,896.0580593772443,191.56927983780446,-5.034039358994987,-0.9667107126632646,-2.352406592458397,13.279185232251141
0,402.4428545234084,896.0505386993681,191.33154591878875,-5.087393944269256,-0.07520677876136883,-2.3773391901570595,14.105770375274219
0,401.93952357391885,896.1228094531447,191.09633936609228,-5.033309494895551,0.7227075377662286,-2.352065526964723,14.856371028869344
0,401.45109078756315,896.2649151374555,190.86809472502824,-4.884327863557129,1.4210568431088972,-2.2824464106402753,15.524080192170242
0,400.98573568266744,896.4665645793575,190.6506342845105,-4.653551048956998,2.0164944190195055,-2.174604405177628,16.104385440875685
0,400.55030374197395,896.7173734558694,190.4471569386244,-4.354319406935073,2.5080887651192567,-2.0347734588607786,16.595003754234977
0,400.15031180011493,897.0070819164359,190.26024070419368,-3.999919418590121,2.8970846056659907,-1.869162344307176,16.99568937241796
0,399.78997942938526,897.3257465028801,190.0918573873517,-3.6033237072968283,3.1866458644410978,-1.6838331684198127,17.308021403879735
0,399.4722829229457,897.6639052700459,189.9433978098925,-3.1769650643955507,3.381587671658034,-1.4845957745920384,17.535177590574634
0,399.19902838540077,898.0127156633131,189.81570596449777,-2.7325453754491615,3.488103932671994,-1.2769184539473881,17.68170023221055
0,398.97094043081927,898.3640653013655,189.70912046332185,-2.2808795458147375,3.5134963805243635,-1.06585501175922,17.753259787427783
0,398.7877630494434,898.710656338665,189.62352167300492,-1.8317738137583526,3.465910372995334,-0.8559879031692739,17.75642112767327
0,398.6483693277588,899.0460645385459,189.5583829868617,-1.3939372168461444,3.3540819988095008,-0.6513868614322011,17.698416835739163
0,398.55087688316536,899.364774573002,189.5128247675032,-0.9749244459343185,3.1871003445606365,-0.4555821935851039,17.58693133156324
0,398.49276609499856,899.6621933789894,189.48566959619285,-0.5811078816677295,2.974188059873764,-0.2715517131033308,17.429898987868086
0,398.47099846900295,899.9346436447584,189.4754975845651,-0.2176762599562167,2.7245026576893494,-0.10172011627754543,17.235318781076447
0,398.4821327537335,900.1793396759501,189.48070063581966,0.11134284730518973,2.4469603119174814,0.052030512545707785,17.011087420721044
0,398.52243672635143,900.3943480036291,189.499534682224,0.4030397261792733,2.1500832767895903,0.18834046404356694,16.764852323722458
0,398.58799287402974,900.5785351496164,189.53016907003408,0.6555614767831983,1.8418714598728712,0.30634387810078456,16.50388525726262
0,398.6747965084751,900.731504963706,189.5707324084104,0.8680363444537097,1.5296981408964823,0.40563338376321895,16.234976972746594
0,398.7788451584101,900.853527898352,189.61935434252504,1.0404864993502974,1.2202293464596543,0.4862193411463939,15.964352699123946
0,398.8962183825172,900.9454644953354,189.6742028501503,1.1737322410709137,0.9193659698335552,0.5484850762524367,15.69760796070528
0,399.0231474284025,901.0086852320671,189.7335167932925,1.2692904588532448,0.6322073673175654,0.5931394314221178,15.43966383517046
0,399.15607442749206,901.0449887189062,189.79563357996702,1.3292699908950605,0.36303486839026444,0.6211678667452598,15.194740472989341
0,399.29170105812887,901.0565200594376,189.85901190446359,1.3562663063678424,0.1153134053140607,0.6337832449656953,14.966347459981058
0,399.42702682700184,901.0456909891236,189.9222496362579,1.3532576887294996,-0.10829070314029574,0.6323773179433039,14.7572894191607
0,399.55937731065495,901.0151031998606,189.98409701726902,1.3235048365313185,-0.3058778926300536,0.6184738101111041,14.569685114311334
0,399.68642286317197,900.9674760441218,190.04346540396023,1.2704555251703207,-0.47627155738830496,0.5936838669121152,14.404998233026276
0,399.8061884328238,900.905579597446,190.0994318546585,1.1976556965177592,-0.6189644667579087,0.5596645069827776,14.264077987751147
0,399.9170552397229,900.8321738464667,190.15123991352246,1.1086680689911101,-0.7340575097929388,0.5180805886395832,14.147207675550362
0,400.01775514909167,900.7499545653292,190.19829698117047,1.0069990936874758,-0.8221928113750381,0.47057067648020223,14.054159376473244
0,400.1073586318126,900.6615062495398,190.24016868864595,0.8960348272091444,-0.8844831578942026,0.418717074754886,13.984253041768277
0,400.1852572370737,900.5692622957771,190.27657070688446,0.7789860526109847,-0.9224395376267805,0.36402018238517436,13.936418321929814
0,400.25114151303217,900.4754724511669,190.30735842903985,0.6588427595844065,-0.9378984461020093,0.30787722155386443,13.909257605768868
0,400.3049753026277,900.3821774076251,190.33251495891787,0.5383378959556365,-0.9329504354178347,0.25156529878014866,13.90110888054965
0,400.34696731528055,900.291190287242,190.35213782643055,0.4199201265281571,-0.9098712038316262,0.19622867512669215,13.910107175076167
0,400.3775408336115,900.2040846539549,190.3664248315466,0.30573518330904337,-0.8710563328713172,0.14287005116040147,13.934243508018309
0,400.3973023599815,900.1221885951393,190.37565939281933,0.1976152637004501,-0.8189605881560136,0.09234561272730632,13.971420428619613
0,400.4070099430058,900.0465843440279,190.38019574636658,0.09707583024276975,-0.7560425111138944,0.04536353547252766,14.01950340245105
0,400.40754185164735,899.9781128594879,190.3804443072748,0.00531908641571642,-0.6847148454006602,0.0024856090821415502,14.076367457691461
0,400.39986618633424,899.9173827427757,190.37685746887396,-0.07675665313143039,-0.60730116712216,-0.03586838400824418,14.139938664552428
0,400.38501193492783,899.8647828503239,190.36991607719176,-0.1485425140642584,-0.5259989245175944,-0.069413916822158,14.208230169390468
0,400.3640418983062,899.8204979560605,190.36011677907848,-0.2097003662163038,-0.44284894263382646,-0.09799298113281334,14.279372643657954
0,400.3380278276247,899.7845268247307,190.34796040384904,-0.26014070681447093,-0.35971131329832534,-0.12156375229434298,14.351639134463774
0,400.3080280345968,899.7567020775815,190.3339415005671,-0.29999793027920635,-0.2782474714926506,-0.1401890328194218,14.423464416894383
0,400.2750676587999,899.7367112619098,190.31853911695723,-0.3296037579687876,-0.19990815671640283,-0.1540238360987716,14.49345904752781
0,400.2401217032454,899.7241185746716,190.30220887192658,-0.34945955554543273,-0.1259268723819501,-0.1633024503063476,14.560418403276483
0,400.2041008822184,899.7183867359121,190.2853763422607,-0.36020821026966515,-0.05731838759552732,-0.1683252966589868,14.623327059679777
0,400.16784026445663,899.7188985585686,190.2684317555806,-0.3626061776179195,0.005118226565580232,-0.16944586680083287,14.68135891820641
0,400.13209064063363,899.7249778156371,190.25172595636812,-0.3574962382300006,0.060792570684857085,-0.16705799212486291,14.733873533459466
0,400.09751249720574,899.7359090623055,190.23556758994428,-0.3457814342788608,0.10931246668438778,-0.1615836642385014,14.780409119082936
0,400.0646724391327,899.7509561280832,190.22022143080676,-0.32840058073026396,0.150470657776954,-0.15346159137525087,14.820672726524908
0,400.03404187180485,899.7693790509496,190.20590776669442,-0.30630567327891334,0.18422922866410496,-0.14313664112324279,14.854528094642596
0,400.00599772755584,899.7904492810246,190.19280273808687,-0.28044144249013164,0.21070230075000898,-0.1310502860756483,14.881981661601593
0,399.9808250041423,899.8134630342711,190.1810395244357,-0.25172723413568493,0.2301375324650838,-0.11763213651161947,14.903167214852868
0,399.9587208711433,899.8377527264859,190.17071026308528,-0.2210413299896669,0.2428969221479254,-0.10329261350418753,14.918329631460317
0,399.93980009490804,899.862696463668,190.16186858435054,-0.18920776235276798,0.24943737182164138,-0.08841678734746411,14.927808131000432
0,399.9241015329064,899.8877256062774,190.15453264632717,-0.1569856200167468,0.2502914260937242,-0.07335938023384339,14.932019427969564
0,399.91159545352673,901.9123304615496,190.14868855543307,-0.1250607937962359,20.246048552721586,-0.05844090894100079,14.931441131369255
0,399.90219144687705,905.6827308563617,190.14429406312567,-0.0940400664966499,37.70400394812137,-0.04394492307390761,14.926595697112298
0,399.8957467053325,910.9373005919333,190.14128243540188,-0.0644474154457515,52.54569735571609,-0.030116277237824757,14.918035195233852
0,399.89207446877936,917.4126368772053,190.1395663992606,-0.03672236553137114,64.7533628527197,-0.017160361412832236,14.906327109651105
0,399.89095244808294,924.8490178878375,190.13904207898915,-0.01122020696389605,74.36381010632188,-0.005243202714247882,14.892041344337482
0,399.8921310606325,932.9952045662454,190.13959284463357,0.011786125495664497,81.46186678408004,0.0055076564441086506,14.875738567103923
0,399.89534133329744,941.6125605742983,190.1410930050499,0.03210272664962821,86.17356008052909,0.015001604163356573,14.85795998143313
0,399.9003023502122,950.4784807300063,190.14341128825416,0.049610169147513636,88.65920155707965,0.023182832042619297,14.839218578605276
0,399.90672814498515,959.3891331211719,190.14641406215154,0.06425794772933874,89.10652391165658,0.03002773897390853,14.8199918871736
0,399.9143339587493,968.1615332615231,190.1499682589235,0.07605813764117886,87.72400140351218,0.03554196771971759,14.800716205084527
0,399.9228418065369,976.6349800550064,190.15394397619465,0.08507847787626058,84.73446793483292,0.039757172711579636,14.781782271649902
0,399.93198531442977,984.6718929227513,190.158216737433,0.09143507892874728,80.36912867744947,0.04272761238341373,14.76353231234867
0,399.9415138085255,992.1580972261485,190.16266940272394,0.09528494095706089,74.86204303397126,0.04452665290924794,14.746258369125854
0,399.95119565374716,999.0026111259936,190.167193728996,0.096818452216544,68.4451389984513,0.0452432627208078,14.730201812464323
0,399.96082085573687,1005.1369913206687,190.1716915858858,0.09625201989734665,61.343801946751114,0.04497856889805278,14.715553918930755
0,399.97020295239963,997.2599768463784,190.1760758396563,0.09382096662758904,-27.400231536215497,0.043842537705098494,14.70245738899549
0,399.979180233037,994.8670232922157,190.18027092289816,0.08977280637405322,-23.929535541628198,0.041950832418626516,14.69100867447343
0,399.98761633241236,992.8319776513192,190.18421311213626,0.0843609937534154,-20.350456408964323,0.03942189238100757,14.681260982677578
0,399.9954002545394,991.1573639924253,190.18785053894624,0.07783922127057946,-16.74613658893864,0.03637426809978095,14.673227825019701
0,400.0024458865488,989.8382285106317,190.19114296278423,0.07045632009383955,-13.191354817936913,0.032924238379890315,14.666886981011618
0,400.0086910667462,988.86303624335,190.1940613354905,0.06245180197407027,-9.751922672816642,0.029183727062523257,14.662184754077483
0,400.0140962730543,988.2146037597114,190.19658718839827,0.05405206308092475,-6.484324836386211,0.02525852907775642,14.65904040293475
0,400.01864299856175,987.8710453324667,190.19871187322792,0.045467255074767635,-3.4355842724472936,0.021246848296475218,14.657350641188557
0,400.02233188004385,987.8067122308121,190.2004356875445,0.03688881482111006,-0.6433310165462514,0.017238143165933556,14.656994107871522
0,400.0251806432337,987.9931070820511,190.20176691458312,0.028487631898088207,1.863948512389599,0.013312270385998182,14.657835722617563
0,400.02722192548526,988.3997576741835,190.20272080577928,0.020412822515555717,4.066505921324489,0.009538911961534644,14.659730850671647
0,400.0285010324536,988.9950370496715,190.2033185324656,0.012791069683510233,5.952793754879834,0.005977266863115136,14.66252921471986
0,400.0290736806963,989.7469192174474,190.2035861309894,0.005726482426545384,7.51882167775835,0.0026759852379289743,14.666078502308519
0,400.0290037728458,990.6236622363115,190.20355346305087,-6.9907850487655E-4,8.767430188641315,-3.266793853315287E-4,14.670227629174885
0,400.02836124637577,991.5944127551039,190.20325321043143,-0.006425264700179703,9.707505187923946,-0.003002526194402778,14.674829629925398
0,400.027220031135,992.6297282967897,190.20271992054944,-0.011412152407313797,10.353155416857941,-0.005332898819951875,14.679744157997323
0,400.02565614489725,993.70201561476,190.20198911651053,-0.015638862377536887,10.722873179701816,-0.007308040389045317,14.684839586581603
0,400.0237459502936,994.7858853065181,190.20109648257224,-0.01910194603671724,10.838696917581634,-0.008926339382987022,14.68999471105197
0,400.0215645907751,995.858424525025,190.20007713326925,-0.02181359518484877,10.7253921850693,-0.010193493029916208,14.695100061357763
0,400.01918461778973,996.8993910697241,190.1989649718932,-0.02379972985348199,10.409665446990232,-0.011121613760574408,14.700058839737135
0,400.0166748162337,997.8913333615941,190.19779214162605,-0.025098015560390558,9.919422918699794,-0.011728302671417773,14.704787504961292
0,400.014099230519,998.8196418084327,190.19658857042154,-0.025755857147358993,9.283084468386331,-0.012035712045010492,14.709216029128967
0,400.01151638933675,999.6725378514399,190.19538160873708,-0.025828411822103322,8.528960430071912,-0.012069616844517555,14.713287856802893
0,400.0089787234272,1000.4410075594975,190.19419575745755,-0.02537665909509524,7.684697080576267,-0.01185851279518509,14.716959599055535
0,400.00653216741284,999.6567501970676,190.19305248183204,-0.02446556014372896,-3.432498029324066,-0.011432756255208506,14.72020049682013
0,400.00421593402507,999.3569787025066,190.19197010596994,-0.023162333877633074,-2.9977149456096845,-0.010823758621061323,14.722991688886687
0,400.0020624468515,999.102043259982,190.19096378141373,-0.021534871735699374,-2.5493544252459674,-0.010063245562136907,14.72532532002176
0,400.0000974160394,998.892260066127,190.19004552251525,-0.019650308120854606,-2.0978319385494637,-0.009182588984921329,14.72720352410202
0,399.99834004019317,998.7270085449608,190.18922430078229,-0.017573758462511992,-1.6525152116629311,-0.008212217329579477,14.728637315931635
0,399.99680331696663,998.6048436818197,190.18850619001853,-0.015367232265144784,-1.2216486314110386,-0.007181107637548178,14.729645423647511
0,399.99549444454493,998.5236128637773,190.18789455393588,-0.013088724216856171,-0.812308180424471,-0.006116360826582046,14.730253091400737
0,399.99441529629064,998.4805744090505,190.18739026795666,-0.010791482542711128,-0.43038454726799064,-0.005042859792255341,14.730490879432242
0,399.9935629512577,998.472515234647,190.18699196712274,-0.008523450329616622,-0.08059174403617536,-0.003983008339079821,14.730393485818407
0,399.99293026400306,998.4958654008201,190.18669631236867,-0.006326872545992009,0.23350166173162695,-0.002956547540791977,14.72999861114041
0,399.9925064581089,998.546807574585,190.18649826787433,-0.004238058941699029,0.509421737649568,-0.001980444943507748,14.729345884205184
0,399.9922777290146,998.62137976499,190.18639138276856,-0.0022872909430294965,0.7457219040499383,-0.0010688510577323597,14.72847586379228
0,399.99222784311,998.7155699931187,190.18636807108535,-4.988590453545959E-4,0.9419022812866067,-2.3311683195345319E-4,14.72742912828091
0,399.9923387215064,998.825401863718,190.18641988456,0.0011087839641468285,1.0983187059922912,5.181347463839582E-4,14.726245461991866
0,399.99259099844375,998.9470102975123,190.1865377735728,0.002522769373352213,1.2160843379428554,0.001178890128103886,14.724963144200437
0,399.9929645458722,999.076706959085,190.18671233228613,0.003735474284778913,1.2969666157264923,0.0017455871332112136,14.72361834408942
0,399.9934389573242,999.2110351709082,190.18693402475765,0.004744114519960084,1.343282118232008,0.0022169247151083487,14.722244622441778
0,399.9939939857415,999.3468143367188,190.18719338953704,0.005550284172990707,1.3577916581056226,0.0025936477939674683,14.720872538654397
0,399.9946099314128,999.4811741047752,190.18748122094922,0.006159456712905632,1.343597680563928,0.0028783141218687307,14.719529359697916
0,399.99526797758426,999.6115786821433,190.18778872592512,0.006580461714300262,1.3040457736820763,0.003075049759024609,14.718238865969525
0,399.9959504726124,999.7358418642827,190.18810765585175,0.006824950281255723,1.2426318213939913,0.00318929926637183,14.71702124758611
0,399.9966411587186,999.8521334697083,190.18843041346918,0.0069068610621127995,1.1629160542554162,0.0032275761742751085,14.715893083545186
0,399.9973253484658,999.9589779678276,190.18875013533804,0.0068418974717668266,1.06844498119318,0.003197218688516945,14.714867395331055
0,399.99799005100397,1000.0552461601244,190.18906075083413,0.006647025381622582,0.9626819229670441,0.0031061549608004196,14.713953765953104
0,399.99862405091795,999.9570002074408,190.18935701899395,0.006339999140122776,-0.4299979255919464,0.0029626815981555177,14.713158515056406
0,399.9992179431561,999.9194470552725,190.18963454483682,0.0059389223815855844,-0.3755315216836405,0.0027752584288965234,14.71248492062093
0,399.99976412802573,999.8875106315633,190.1898897770264,0.0054618486963275426,-0.31936423709188255,0.002552321895783303,14.711933477846191
0,400.0002567706154,999.8612305470851,190.19011998890855,0.00492642589690636,-0.26280084478140026,0.0023021188216208015,14.71150218607714
0,400.00069172924987,999.8405290606763,190.19032324507845,0.004349586344821378,-0.20701486408841271,0.002032561698937978,14.71118685504192
0,400.00106645771166,999.8252251516042,190.19049835568865,0.0037472846180673105,-0.15303909072091215,0.001751106102028626,14.710981422216253
0,400.0013798859833,999.8150491564677,190.19064482072,0.00313428271647508,-0.10175995136484933,0.001464650313416458,14.71087827378102
0,400.0016322841863,999.8096576176831,190.19076276640027,0.002523982030061098,-0.053915387846137544,0.0011794568026529534,14.710868562369889
0,400.0018251142306,999.8086480240152,190.19085287587995,0.0019283004429250469,-0.010095936679172537,9.010947969828645E-4,14.710942515595214
0,400.0019608734522,999.8115731598582,190.19091631616422,0.001357592216226675,0.029251358430241355,6.344028426469093E-4,14.711089730164659
0,400.00204293422115,999.8179548180142,190.19095466316153,8.206076893852824E-4,0.06381658155937586,3.8346997325392596E-4,14.71129944724337
0,400.002075383157,999.8272966696065,190.19096982654924,3.244893582872335E-4,0.09341851592353848,1.5163387713319355E-4,14.711560805555514
0,400.00206286320986,999.8390961236369,190.19096397597795,-1.2519947132562148E-4,0.1179945403037198,-5.8505712941628785E-5,14.71186306953659
0,400.00201042145954,999.8528550467646,190.19093946994803,-5.244175030224532E-4,0.13758923127728356,-2.450602991512366E-4,14.712195830635562
0,400.0019233650668,999.8680892504901,190.19089878849567,-8.705639279423689E-4,0.1523420372547861,-4.0681452351541735E-4,14.712549180604622
0,400.00180712738785,999.8843366874751,190.19084447062832,-0.0011623767889831023,0.16247436984958302,-5.431786734750391E-4,14.712913856298254
0,400.00166714584697,999.9011643307655,190.19077905725425,-0.0013998154090613813,0.16827643290394684,-6.541337406351658E-4,14.71328135612525
0,400.00150875275347,999.9181737388229,190.19070504016167,-0.001583930934821352,0.1700940805744294,-7.401709258168339E-4,14.713644028848211
0,400.0013370798682,999.9350053352445,190.1906248174224,-0.001716728852466955,0.16831596421523773,-8.022273927312895E-4,14.713995135903701
0,400.00115697716006,999.9513414546761,190.19054065542684,-0.0018010270818481602,0.16336119431672141,-8.416199553176258E-4,14.714328888821932
0,400.0009729458642,999.9669082256082,190.1904546576023,-0.0018403129584639826,0.1556677093210432,-8.599782454525846E-4,14.714640463652444
0,400.0007890856559,999.9814763764621,190.19036873972698,-0.0018386020823994353,0.14568150853848755,-8.591787530620613E-4,14.714925994561312
0,400.0006090554901,999.9948610636956,190.1902846116305,-0.001800301658128352,0.13384687233530168,-8.412809647977964E-4,14.715182548948658
0,400.0004360474322,1000.0069208296836,190.19020376496502,-0.0017300805792789158,0.1205976598804229,-8.084666546502488E-4,14.715408086555733
0,400.0002727726185,999.9946133045254,190.19012746664458,-0.0016327481372573564,-0.053866954746588896,-7.62983204491597E-4,14.715601405086915
0,400.0001214583325,999.9899089238108,190.19005675747874,-0.0015131428596445104,-0.04704380714536355,-7.070916582624704E-4,14.715762074872988
0,399.9999838550704,999.9859081652296,190.18999245547437,-0.0013760326211159383,-0.040007585812027,-6.430200437963045E-4,14.715890365051166
0,399.9998612523882,999.9826159909258,190.18993516324096,-0.0012260268222791468,-0.03292174303799799,-5.729223339982406E-4,14.715987163642591
0,399.99975450227765,999.9800226620625,190.18988527891432,-0.00106750110554275,-0.025933288632428456,-4.988432665640197E-4,14.716053893778113
0,399.9996640488,999.9781055017035,190.1898430100042,-9.045347764822236E-4,-0.019171603590810368,-4.226891009941832E-4,14.716092428156891
0,399.9995899627173,999.9768307284153,190.18980838957776,-7.408608269935695E-4,-0.012747732881814574,-3.462042643969617E-4,14.716105003638859
0,399.9995319798958,999.9761553163762,190.18978129420526,-5.79828215578862E-4,-0.0067541203908103,-2.709537250806549E-4,14.716094137663305
0,399.9994895423106,999.9760288419604,190.18976146312173,-4.243758517393878E-4,-0.0012647441576986683,-1.9831083545759708E-4,14.716062547971838
0,399.99946184055494,999.9763952813098,190.18974851809133,-2.77017556337422E-4,0.0036643934937007593,-1.2945030402071664E-4,14.716013076888007
0,399.99944785684215,999.977194728169,190.18974198350236,-1.3983712798339108E-4,0.00799446859241152,-6.534588985908283E-5,14.715948621182022
0,399.99944640758855,999.9783650061332,190.18974130626614,-1.4492536095714651E-5,0.011702779642082719,-6.772362079183417E-6,14.715872068327712
0,399.9994561847702,999.9798431543253,190.18974587514313,9.777181671110144E-5,0.014781481920281036,4.5688769980770204E-5,14.715786239744691
0,399.9994757953571,999.9815667702903,190.1897550391704,1.9610586888371315E-4,0.017236159650392147,9.164027255662423E-5,14.715693841415636
0,399.99950379824094,999.9834751984799,190.189768124918,2.800288381133493E-4,0.01908428189628465,1.3085747607186377E-4,14.715597422079984
0,399.99953873818566,999.9855105570264,190.18978445235416,3.4939944719382713E-4,0.02035358546469359,1.632743616900171E-4,14.71549933903188
0,399.9995791764392,999.9876185995207,190.18980334915005,4.043825356938699E-4,0.02108042494318498,1.8896795894433595E-4,14.715401731394984
0,399.9996237177503,999.9897494121585,190.1898241633047,4.454131107078789E-4,0.021308126378435543,2.0814154664598202E-4,14.715306500611419
0,399.9996710336332,999.9918579498718,190.1898462740168,4.731588288397912E-4,0.02108537713303238,2.2110712072892033E-4,14.715215297765909
0,399.9997198818159,999.9939044178983,190.18986910077257,4.884818271223963E-4,0.020464680264479354,2.2826755782698232E-4,14.715129517268544
0,399.99976912188947,999.9958545076439,190.18989211065895,4.924007357147435E-4,0.019500897456606874,2.300988638116308E-4,14.715050296345552
0,399.99981772725073,999.9976794976639,190.18991482394426,4.860536126775306E-4,0.01824990019911969,2.2713285321568697E-4,14.714978519727442
0,399.99986479349514,999.9993562321283,190.18993681800026,4.706624438460975E-4,0.016767344645109657,2.1994056001985125E-4,14.714914828887384
0,399.9999095434702,1000.0008669902741,190.18995772966363,4.474997508088435E-4,0.015107581457300488,2.0911663356524277E-4,14.714859635159183
0,399.9999513292452,999.999325194695,190.18997725615628,4.1785775001392363E-4,-0.006748053050927551,1.9526492659157043E-4,14.714813136058751
0,399.999989631286,999.9987358647285,190.18999515469994,3.830204076349697E-4,-0.005893299664487536,1.789854364984167E-4,14.714775334141262
0,400.00002405515,999.9982346793305,190.19001124097161,3.442386402903166E-4,-0.005011853979303594,1.6086271661660653E-4,14.714746057745423
0,400.00005432603217,999.9978222601218,190.19002538655488,3.027088219941191E-4,-0.0041241920876100395,1.4145583252129167E-4,14.714724983010232
0,400.0000802814996,999.9974973870928,190.19003751554482,2.595546745472945E-4,-0.0032487302892875228,1.2128989940959507E-4,14.714711656586577
0,400.00010186275387,999.9972572194451,190.19004760046494,2.1581254267430874E-4,-0.0024016764769972266,1.0084920117590655E-4,14.714705518516435
0,400.0001191047526,999.997097525291,190.19005565765093,1.7241998734926465E-4,-0.0015969415418133676,8.057186006333474E-5,14.714705924803429
0,400.00013212550977,999.9970129146741,190.19006174225075,1.3020757150647707E-4,-8.461061688859285E-4,6.084599813704836E-5,14.714712169257112
0,400.00014111487593,999.9969970708962,190.19006594298156,8.989366192611021E-5,-1.5843777902223657E-4,4.200730818590594E-5,14.714723504250546
0,400.00014632307887,999.9970429757034,190.1900683767748,5.2082029467937686E-5,4.5904807149739534E-4,2.4337932333709924E-5,14.714739160093036
0,400.0001480492786,999.9971431244837,190.19006918342794,1.7261997218185262E-5,0.0010014878031950362,8.066531257253043E-6,14.714758362777086
0,400.0001466303648,999.9972897282378,190.1900685203695,-1.4189138206534198E-5,0.0014660375407753669,-6.630584331004013E-6,14.714780349919302
0,400.0001424301945,999.9974748996933,190.1900665576299,-4.200170308750771E-5,0.0018517145555377815,-1.9627395901076784E-5,14.714804384768016
0,400.0001358294385,999.9976908215331,190.19006347309661,-6.600756032499533E-5,0.0021592183976172543,-3.0845332985947864E-5,14.714829768204137
0,400.0001272161743,999.9979298952793,190.19005944811826,-8.61326415857753E-5,0.002390737461924173,-4.024978345697064E-5,14.714855848709636
0,400.0001169773348,999.9981848699204,190.19005466350856,-1.0238839467498369E-4,0.002549746410125842,-4.784609687416728E-5,14.714882030320396
0,400.0001054910915,999.9984489498679,190.19004929598708,-1.1486243287213572E-4,0.0026407994756422093,-5.3675214920177246E-5,14.714907778619622
0,400.0000931202257,999.9987158822904,190.19004351508147,-1.2370865833589151E-4,0.002669324224659018,-5.7809056077925325E-5,14.714932624861142
0,400.0000802065144,999.9989800242753,190.19003748050417,-1.2913711325325536E-4,0.0026414198492796396,-6.034577305713774E-5,14.714956168339704
0,400.00006706613533,999.9992363906297,190.19003134000502,-1.3140379071617633E-4,0.0025636635436331033,-6.140499143235E-5,14.714978077147066
0,400.00005398607397,999.999480683427,190.19002522769236,-1.308006134390568E-4,0.002442927973043715,-6.112312668395895E-5,14.714998087472082
0,400.00004122149767,999.9997093046574,190.19001926280586,-1.2764576279855874E-4,0.0022862123038505148,-5.964886497616873E-5,14.715016001612948
0,400.00002899404626,999.99991935353,190.19001354891782,-1.2227451430025659E-4,0.002100488726634822,-5.7138880551066017E-5,14.715031684879879
0,400.0000174909754,1000.000108610119,190.1900081735328,-1.1503070869371802E-4,0.0018925658897930306,-5.375385018939613E-5,14.71504506156737
0,400.00000686507923,999.9999154653902,190.1900032080515,-1.0625896150924508E-4,-8.45346097440887E-4,-4.965481272698674E-5,14.715056110176917
0,399.9999972353104,999.9998416384977,190.18999870806053,-9.629768812732151E-5,-7.382689250962158E-4,-4.4999909670887113E-5,14.715064858064569
0,399.9999886880107,999.9997788537038,190.1899947139074,-8.547299680478038E-5,-6.278479393009733E-4,-3.994153141165648E-5,14.715071375682921
0,399.9999812786628,999.9997271888805,190.1899912515191,-7.409347928899217E-5,-5.166482331997464E-4,-3.4623882873525424E-5,14.71507577057493
0,399.99997503407207,999.999686491194,190.18998833342184,-6.244590739175713E-5,-4.0697686441634615E-4,-2.9180972521280292E-5,14.715078181266996
0,399.99996995488954,999.9996564047702,190.18998595991985,-5.0791825016348534E-5,-3.0086423767535934E-4,-2.373501981983916E-5,14.71507877119327
0,399.9999660183887,999.9996363994696,190.189984120393,-3.936500825522577E-5,-2.0005300637031807E-4,-1.8395268342919065E-5,14.715077722770172
0,399.99996318141353,999.9996258000783,190.1899827946745,-2.836975178222893E-5,-1.0599391295148515E-4,-1.3257184987788697E-5,14.715075231723493
0,399.9999613834208,999.9996238152872,200.1899819544725,-1.7979927632283865E-5,-1.984791123399859E-5,99.99999159797986,1514.715071501754
0,399.9999605495455,999.9996295659014,218.9233148981359,-8.338752841262814E-6,5.7506141850320106E-5,187.3333294366342,1334.715066739613
0,399.999960593626,999.9996421117987,245.08375936317918,4.4080502732628196E-7,1.2545897310893783E-4,261.6044446504327,1147.515061150641
0,399.99996142113207,999.999660477231,277.35588123135426,8.275060627323709E-6,1.8365432289976663E-4,322.7212186817507,957.6270549348135
0,399.9999629319482,999.9996836741393,314.4423258089636,1.5108161079657088E-5,2.3196908225072113E-4,370.86444577609313,769.1355282833111
0,399.9999650229716,999.9997107232278,355.08783644878196,2.0910234262719518E-5,2.7049088561623743E-4,406.45510639818383,585.6613539089695
0,399.9999675904931,999.9997406726158,398.09986922471074,2.567521495590548E-5,2.994938789139418E-4,430.1203277592878,410.33883105637835
0,399.9999705323358,999.99977261395,442.36575445337957,2.9418426740693206E-5,3.1941334201155525E-4,442.65885228668833,245.80490068693604
0,399.9999737497352,999.9998056959296,486.8664301685895,3.217399406281397E-5,3.3081979553595156E-4,445.006757152099,94.1994582098288
0,399.9999771489506,999.999839135246,530.6868385374719,3.399215432190754E-5,3.343931647626021E-4,438.20408368882386,-42.82442623391697
0,399.99998064260404,999.9998722249971,573.023133242924,3.493653440353552E-5,3.3089751131719683E-4,423.3629470545216,-164.08164114565145
0,399.999984150749,999.9999043406749,613.1868938482695,3.508144992510035E-5,3.2115677734711665E-4,401.63760605345453,-268.8288203105545
0,399.9999876016769,999.9999349438668,583.8639869296123,3.450927879683858E-5,3.06031919449608E-4,-161.36013070387637,586.5132045400909
0,399.99999093247226,999.999963583841,571.5756688481405,3.3307953682897666E-5,2.863997413416691E-4,-122.88318081471868,575.7332352669775
0,399.99999408933337,999.9999898972078,562.9703913183961,3.1568610838453346E-5,2.631336673968407E-4,-86.05277529744345,554.8827646776566
0,399.99999702767593,1000.0000136058712,557.8274022321232,2.9383425675001483E-5,2.3708663464840738E-4,-51.42989086272869,525.4529889909769
0,399.99999971204176,999.9999894101303,555.8802506037437,2.684365841673148E-5,-1.0589869680962196E-4,-19.471516283795598,488.94762959772356
0,400.00000211583443,999.9999801616441,556.826990136983,2.4037926501063394E-5,-9.24848618760104E-5,9.46739533239387,446.8515226144624
0,400.00000422090585,999.9999722964302,560.3400043172705,2.1050714120840617E-5,-7.865213876038807E-5,35.13014180287526,400.60293659046016
0,400.0000060170182,999.9999658242439,566.0752968986486,1.7961123444494426E-5,-6.472186333279598E-5,57.35292581378113,351.5697743438755
0,400.0000075012049,999.9999607259392,573.6811190000401,1.4841866632614217E-5,-5.098304668517166E-5,76.05822101391475,301.02972058338247
0,400.0000086770542,999.999956956935,582.8058310306156,1.1758493213599251E-5,-3.769004288231522E-5,91.24712030575581,250.15431147900756
0,400.0000095539385,999.9999544508191,593.1049238239842,8.768843095252386E-6,-2.5061158634735216E-5,102.9909279336854,199.99682644951935
0,400.0000101462097,999.9999531230059,604.2471482429138,5.922712126630485E-6,-1.3278132206770394E-5,111.42224418929544,151.48383662751922
0,400.0000104723811,999.9999528743659,596.8269397595448,3.261714222910199E-6,-2.486399278009533E-6,-31.73060240455196,368.8516831419716
0,400.0000105543133,999.9999535947603,595.8596004828805,8.193218150315846E-7,7.203943458744989E-6,-9.673392766642035,342.40008432819366
0,400.0000104164198,999.9999551664174,596.8820520527362,-1.3789351702605905E-6,1.571657076043842E-5,10.22451569855701,312.21628770132145
0,400.00001008490653,999.9999574671027,599.6616010807526,-3.3151327116636025E-6,2.300685306443537E-5,27.79549028016369,279.3020702939559
0,400.0000095870565,999.9999603730396,603.9552328574988,-4.978499862704311E-6,2.905936819404208E-5,42.936317767462384,244.60696133749676
0,400.0000089505694,999.999963761549,599.8859778063867,-6.364871182279467E-6,3.388509433639669E-5,-1.140221936133198,317.48723832559676
0,400.0000082029629,999.9999675133864,601.5901984239644,-7.476065468499626E-6,3.751837447437689E-5,17.04220617577701,287.3373994850398
0,400.00000737104176,999.9999715147601,601.042581457482,-8.3192110600516E-6,4.0013737245847505E-5,10.425814574819604,298.06665463183276
0,400.00000648043806,999.9999756590254,601.338113615658,-8.906036899171794E-6,4.1442653254769025E-5,13.381136156580581,293.1043609311147
0,400.0000055552233,999.9999798480552,601.2061092516727,-9.252147241917317E-6,4.189029849806197E-5,12.061092516727342,295.32085211743544
0,400.0000046175937,999.9999839932941,601.2650712009195,-9.376296198251542E-6,4.1452388950710705E-5,12.650712009195122,294.3308193875455
0,400.000003687626,999.9999880165083,601.2387348635892,-9.299676672012413E-6,4.0232141974250976E-5,12.387348635892844,294.7730340068963
0,400.0000027831024,999.9999918502494,601.2504984275968,-9.045236364262089E-6,3.833741184327175E-5,12.504984275967864,294.57551147691964
0,400.0000019193992,999.9999954380532,601.2452440356734,-8.637031629783789E-6,3.5878038024559885E-5,12.452440356734357,294.6637382069759
0,400.0000011094364,999.999998734397,601.2475909973992,-8.099628097987649E-6,3.296343665250042E-5,12.475909973991989,294.62433026755076
0,400.0000003636809,1000.0000017044428,601.2465426878283,-7.457555052614625E-6,2.9700457349330835E-5,12.465426878283584,294.641932480494
0,399.99999969019905,999.9999986733795,601.24701093277,-6.734818693059697E-6,-1.3266204282701106E-5,12.4701093277,294.6340701587127
0,399.9999990947513,999.9999975147977,601.2468017833627,-5.954477841888415E-6,-1.1585818399894313E-5,12.468017833627332,294.637581995775
0,399.9999985809229,999.9999965295019,601.2468952034313,-5.13828379360211E-6,-9.852957301700252E-6,12.468952034313125,294.6360133752205
0,399.99999815028445,999.9999957187143,601.2468534758007,-4.306384772982216E-6,-8.107875572270025E-6,12.468534758006804,294.6367140257348
0,399.9999978025751,999.9999950800365,601.2468721141423,-3.477093954828738E-6,-6.386778377409018E-6,12.468721141423629,294.6364010685051
0,399.99999753590316,999.9999946078835,601.2468637890164,-2.666718949108532E-6,-4.721529308326957E-6,12.468637890164114,294.63654085606777
0,399.9999973469582,999.999994293936,601.2468675075727,-1.8894495603334208E-6,-3.1394762227279534E-6,12.468675075726699,294.6364784176231
0,399.9999972312282,999.9999941275973,601.2468658466175,-1.1572999130930929E-6,-1.663385952937451E-6,12.468658466175409,294.636506306795
0,399.99999718321817,999.9999940964495,601.2468665885108,-4.801002247112369E-7,-3.114775873494767E-7,12.468665885108317,294.6364938496315
0,399.9999971966649,999.9999941866952,601.2468662571318,1.3446683192587256E-7,9.024567804648737E-7,12.468662571318283,294.6364994138312
0,399.99999726474397,999.9999943835808,601.2468664051478,6.807907274612658E-7,1.9688556887193682E-6,12.468664051477838,294.6364969284887
0,399.9999973802664,999.9999946717936,601.246866339034,1.1552242563329833E-6,2.882128261283303E-6,12.468663390339898,294.63649803860835
0,399.9999975358611,999.9999950358279,601.2468663685648,1.5559470570443571E-6,3.6403425236558634E-6,12.468663685648181,294.6364975427549
0,399.9999977241418,999.9999954603152,601.2468663553744,1.8828071513224847E-6,4.244873750913058E-6,12.46866355374381,294.6364977642361
0,399.9999979378564,999.9999959303176,601.2468663612661,2.137146030048278E-6,4.700024182204799E-6,12.4686636126611,294.63649766530784
0,399.99999817001765,999.99999643158,601.2468663586345,2.321612508417671E-6,5.012624750317526E-6,12.468663586344709,294.6364977094958
0,399.99999841401467,999.9999969507429,601.2468663598099,2.4399703113169893E-6,5.1916287709861415E-6,12.468663598099365,294.6364976897585
0,399.99999866370507,999.9999974755135,601.2468663592849,2.4969038775673856E-6,5.247706453135361E-6,12.46866359284895,294.6364976985745
0,399.99999891348773,999.9999979947984,601.2468663595195,2.497826449746809E-6,5.192848396149095E-6,12.468663595194137,294.6364976946367
0,399.9999991583571,999.9999984987969,601.2468663594146,2.448694082515735E-6,5.039984891731245E-6,12.468663594146623,294.6364976963956
0,399.99999939394,999.9999989790596,601.2468663594615,2.3558286215931297E-6,4.802627120714523E-6,12.468663594614506,294.63649769560993
0,399.99999961651525,999.9999994285131,601.2468663594406,2.225752232173948E-6,4.494534980677481E-6,12.468663594405523,294.6364976959609
0,399.9999998230188,999.9999998414546,601.2468663594499,2.065035609978126E-6,4.129415297586799E-6,12.468663594498869,294.63649769580417
0,400.00000001103496,1000.0000002135199,601.2468663594457,1.880161382676845E-6,3.7206534105408356E-6,12.468663594457169,294.63649769587414
0,400.00000017877534,999.9999998338108,601.2468663594476,1.6774038439793089E-6,-1.6618918567082398E-6,12.4686635944758,294.6364976958429
0,400.0000003250479,999.9999996886722,601.2468663594467,1.4627256997592294E-6,-1.451385544318522E-6,12.468663594467479,294.63649769585686
0,400.0000004492171,999.9999995652416,601.2468663594472,1.2416920465978418E-6,-1.234305532833512E-6,12.468663594471192,294.6364976958506
0,400.00000055115726,999.9999994636722,601.2468663594469,1.0194014726589558E-6,-1.015694603469125E-6,12.468663594469538,294.6364976958534
0,400.00000063120063,999.9999993836634,601.246866359447,8.004338642307449E-7,-8.000882907496956E-7,12.468663594470272,294.63649769585214
0,400.00000069008206,999.9999993245156,601.246866359447,5.88814125071979E-7,-5.914782212505079E-7,12.468663594469948,294.6364976958527
0,400.00000072888116,999.9999992851865,601.246866359447,3.879908728987033E-7,-3.932903222856152E-7,12.468663594470092,294.6364976958524
0,400.00000074896406,999.9999992643488,601.246866359447,2.0082894745969984E-7,-2.0837665547395952E-7,12.46866359447003,294.6364976958526
0,400.0000007519255,999.9999992604469,601.246866359447,2.9614382020117852E-8,-3.9019581025014766E-8,12.468663594470055,294.63649769585254
0,400.00000073953254,999.9999992717522,601.246866359447,-1.239295821264041E-7,1.1305313074489882E-7,12.468663594470042,294.63649769585254
0,400.00000071367083,999.9999992964166,601.246866359447,-2.5861693436330743E-7,2.4664368121864483E-7,12.468663594470048,294.63649769585254
0,400.0000006762943,999.9999993325217,601.246866359447,-3.737652938512234E-7,3.6105170108645035E-7,12.468663594470046,294.63649769585254
0,400.0000006293787,999.9999993781253,601.246866359447,-4.6915585417630006E-7,4.560351747008269E-7,12.468663594470048,294.63649769585254
0,400.00000057487983,999.999999431302,601.246866359447,-5.449883009860491E-7,5.317663693411797E-7,12.468663594470046,294.63649769585254
0,400.00000051469664,999.9999994901804,601.246866359447,-6.0183218242813E-7,5.887842344298069E-7,12.468663594470048,294.63649769585254
0,400.00000045063905,999.9999995529748,601.246866359447,-6.405760770978777E-7,6.279445112577756E-7,12.468663594470046,294.63649769585254
0,400.00000038440146,999.9999996180117,601.246866359447,-6.62375772133781E-7,6.503687978771242E-7,12.468663594470048,294.63649769585254
0,400.0000003175412,999.9999996837511,601.246866359447,-6.686026484387705E-7,6.573937947393279E-7,12.468663594470046,294.63649769585254
0,400.00000025146187,999.9999997488032,601.246866359447,-6.607932741154368E-7,6.505215758203917E-7,12.468663594470048,294.63649769585254
0,400.0000001874018,999.9999998119405,601.246866359447,-6.406010322084628E-7,6.313719581904426E-7,12.468663594470046,294.63649769585254
0,400.0000001264267,999.9999998721042,601.246866359447,-6.097506116804089E-7,6.016375192642385E-7,12.468663594470048,294.63649769585254
0,400.00000006942713,999.9999999284084,601.246866359447,-5.699958861232063E-7,5.630420024948351E-7,12.468663594470046,294.63649769585254
0,400.00000001711896,999.9999999801387,601.246866359447,-5.230817510789548E-7,5.173025004096026E-7,12.468663594470048,294.63649769585254
0,399.99999997004795,1000.0000000267482,601.246866359447,-4.707101571020238E-7,4.6609583061730664E-7,12.468663594470046,294.63649769585254
0,399.9999999285969,999.9999999791811,601.246866359447,-4.14510664087213E-7,-2.0818947100906362E-7,12.468663594470048,294.63649769585254
0,399.99999989299533,999.9999999609992,601.246866359447,-3.5601556892373183E-7,-1.8181881366987598E-7,12.468663594470046,294.63649769585254
0,399.99999986333137,999.9999999455367,601.246866359447,-2.966396416130299E-7,-1.5462463925550475E-7,12.468663594470048,294.63649769585254
0,399.9999998395649,999.9999999328129,601.246866359447,-2.3766435344756523E-7,-1.272386901563306E-7,12.468663594470046,294.63649769585254
0,399.99999982154225,999.99999992279,601.246866359447,-1.8022647052654096E-7,-1.002291427855077E-7,12.468663594470048,294.63649769585254
0,399.9999998090112,999.9999999153804,601.246866359447,-1.2531076297765857E-7,-7.409604200346329E-8,12.468663594470046,294.63649769585254
0,399.99999980163653,999.9999999104535,601.246866359447,-7.374651593176773E-8,-4.9268541304434803E-8,12.468663594470048,294.63649769585254
0,399.99999979901577,999.9999999078432,601.246866359447,-2.620752767957342E-8,-2.610393804936768E-8,12.468663594470046,294.63649769585254
0,399.99999980069424,999.9999999073543,601.246866359447,1.678478832436901E-8,-4.888153111989187E-9,12.468663594470048,294.63649769585254
0,399.9999998061798,999.9999999087705,601.246866359447,5.485556279346653E-8,1.4162385445842858E-8,12.468663594470046,294.63649769585254
0,399.99999981495665,999.9999999118603,601.246866359447,8.776834256246206E-8,3.0897627170006514E-8,12.468663594470048,294.63649769585254
0,399.99999982649814,999.9999999163833,601.246866359447,1.154150555736079E-7,4.52298202684731E-8,12.468663594470046,294.63649769585254
0,399.9999998402786,999.9999999220962,601.246866359447,1.3780448831046516E-7,5.7128639935352354E-8,12.468663594470048,294.63649769585254
0,399.9999998557835,999.9999999287578,601.246866359447,1.550496276192067E-7,6.661567671462803E-8,12.468663594470046,294.63649769585254
0,399.99999987251897,999.9999999361337,601.246866359447,1.6735429500388506E-7,7.375844411548715E-8,12.468663594470048,294.63649769585254
0,399.9999998900189,999.9999999440001,601.246866359447,1.749993762387843E-7,7.866413865801314E-8,12.468663594470046,294.63649769585254
0,399.9999999078518,999.9999999521475,601.246866359447,1.7832899641849576E-7,8.147326970614114E-8,12.468663594470048,294.63649769585254
0,399.9999999256255,999.9999999603829,601.246866359447,1.7773687363936878E-7,8.235328666407156E-8,12.468663594470046,294.63649769585254
0,399.9999999429908,999.999999968532,601.246866359447,1.7365317331883675E-7,8.149236297894617E-8,12.468663594470048,294.63649769585254
0,399.999999959644,999.9999999764414,601.246866359447,1.6653200301886873E-7,7.909343391062285E-8,12.468663594470046,294.63649769585254
0,399.99999997532797,999.9999999839782,601.246866359447,1.5683978640756887E-7,7.536852921216124E-8,12.468663594470048,294.63649769585254
0,399.9999999898324,999.9999999910316,601.246866359447,1.450446158518117E-7,7.053357390018464E-8,12.468663594470046,294.63649769585254
0,400.0000000029931,999.999999997512,601.246866359447,1.316067066272783E-7,6.480367539763397E-8,12.468663594470048,294.63649769585254
0,400.0000000146901,1000.0000000033508,601.246866359447,1.1697003987634545E-7,5.838889064392719E-8,12.468663594470046,294.63649769585254
0,400.00000002484563,999.9999999973919,601.246866359447,1.0155521530694511E-7,-2.6080371154287477E-8,12.468663594470048,294.63649769585254
0,400.000000033421,999.9999999951142,601.246866359447,8.575353238624729E-8,-2.2776846948995825E-8,12.468663594470046,294.63649769585254
0,400.0000000404132,999.9999999931772,601.246866359447,6.992229404523937E-8,-1.9370155500184768E-8,12.468663594470048,294.63649769585254
0,400.0000000458514,999.9999999915833,601.246866359447,5.438127070514248E-8,-1.5939445204360047E-8,12.468663594470046,294.63649769585254
0,400.0000000497924,999.9999999903278,601.246866359447,3.941032591352365E-8,-1.2555899447118551E-8,12.468663594470048,294.63649769585254
0,400.0000000523172,999.9999999893995,601.246866359447,2.524807968506977E-8,-9.282153750156643E-9,12.468663594470046,294.63649769585254
0,400.0000000535264,999.9999999887823,601.246866359447,1.209151022720953E-8,-6.1719569882046064E-9,12.468663594470048,294.63649769585254
0,400.00000005353604,999.9999999884553,601.246866359447,9.647353698629423E-11,-3.2700733791293223E-9,12.468663594470046,294.63649769585254
0,400.0000000524739,999.999999988394,601.246866359447,-1.0621025249187729E-8,-6.123313526312616E-10,12.468663594470048,294.63649769585254
0,400.00000005047565,999.9999999885715,601.246866359447,-1.9982900308553683E-8,1.7741736321467299E-9,12.468663594470046,294.63649769585254
0,400.000000047681,999.9999999889586,601.246866359447,-2.7946520652260703E-8,3.87062505447838E-9,12.468663594470048,294.63649769585254
0,400.00000004423083,999.9999999895252,601.246866359447,-3.4501758190331085E-8,5.6660342552729E-9,12.468663594470046,294.63649769585254
0,400.00000004026407,999.9999999902409,601.246866359447,-3.9667736760772174E-8,7.156610101475098E-9,12.468663594470048,294.63649769585254
0,400.00000003591515,999.9999999910754,601.246866359447,-4.3489325388676355E-8,8.345059462057547E-9,12.468663594470046,294.63649769585254
0,400.0000000313118,999.9999999919993,601.246866359447,-4.603349400691399E-8,9.239848613069202E-9,12.468663594470048,294.63649769585254
0,400.0000000265732,999.9999999929847,601.246866359447,-4.738561452128531E-8,9.854407001940232E-9,12.468663594470046,294.63649769585254
0,400.00000002180866,999.9999999940054,601.246866359447,-4.764579263084209E-8,1.0206324994124159E-8,12.468663594470048,294.63649769585254
0,400.0000000171161,999.9999999950371,601.246866359447,-4.6925306703614E-8,1.0316568981328867E-8,12.468663594470046,294.63649769585254
0,400.0000000125818,999.999999996058,601.246866359447,-4.5343165025864086E-8,1.0208711999433672E-8,12.468663594470048,294.63649769585254
0,400.00000000827947,999.9999999970488,601.246866359447,-4.30229165912526E-8,9.908178201725943E-9,12.468663594470046,294.63649769585254
0,400.0000000042705,999.999999997993,601.246866359447,-4.008969975433609E-8,9.441545184291595E-9,12.468663594470048,294.63649769585254
0,400.00000000060373,999.9999999988765,601.246866359447,-3.666756021962476E-8,8.835852517927973E-9,12.468663594470046,294.63649769585254
0,399.999999997316,999.9999999996884,601.246866359447,-3.287710058654225E-8,8.118052248755324E-9,12.468663594470048,294.63649769585254
0,399.9999999944327,1000.0000000004198,601.246866359447,-2.883341471564092E-8,7.314449799993746E-9,12.468663594470046,294.63649769585254
0,399.99999999196825,999.9999999996733,601.246866359447,-2.4644390221976608E-8,-3.267120910663873E-9,12.468663594470048,294.63649769585254
0,399.99999998992735,999.9999999993879,601.246866359447,-2.0409305722694426E-8,-2.8532808192040085E-9,12.468663594470046,294.63649769585254
0,399.99999998830555,999.9999999991453,601.246866359447,-1.621778234784665E-8,-2.426512878296945E-9,12.468663594470048,294.63649769585254
0,399.99999998709063,999.9999999989457,601.246866359447,-1.2148994882945761E-8,-1.996745308747049E-9,12.468663594470046,294.63649769585254
0,399.9999999862635,999.9999999987883,601.246866359447,-8.271228536038559E-9,-1.5728927958746437E-9,12.468663594470048,294.63649769585254
0,399.9999999857993,999.999999998672,601.246866359447,-4.641664881899401E-9,-1.162782701027285E-9,12.468663594470046,294.63649769585254
0,399.9999999856687,999.9999999985947,601.246866359447,-1.3064180125182812E-9,-7.731573559658019E-10,12.468663594470048,294.63649769585254
0,399.9999999858386,999.9999999985538,601.246866359447,1.6991944261039465E-9,-4.0963063778073715E-10,12.468663594470046,294.63649769585254
0,399.9999999862736,999.9999999985462,601.246866359447,4.350227208811479E-9,-7.669465055278966E-11,12.468663594470048,294.63649769585254
0,399.99999998693676,999.9999999985683,601.246866359447,6.631478624455188E-9,2.2225156832964648E-10,12.468663594470046,294.63649769585254
0,399.99999998779043,999.9999999986169,601.246866359447,8.536769490877531E-9,4.848764038601462E-10,12.468663594470048,294.63649769585254
0,399.99999998879724,999.9999999986878,601.246866359447,1.0068094438657834E-8,7.097790676593001E-10,12.468663594470046,294.63649769585254
0,399.9999999899207,999.9999999987775,601.246866359447,1.123471593170238E-8,8.965039966388865E-10,12.468663594470048,294.63649769585254
0,399.9999999911259,999.9999999988821,601.246866359447,1.2052207132749171E-8,1.0453718168681793E-9,12.468663594470046,294.63649769585254
0,399.99999999238,999.9999999989979,601.246866359447,1.2541460439013602E-8,1.1574420247989036E-9,12.468663594470048,294.63649769585254
0,399.9999999936528,999.9999999991213,601.246866359447,1.2727699455877958E-8,1.2344114370568962E-9,12.468663594470046,294.63649769585254
0,399.9999999949168,999.9999999992492,601.246866359447,1.2639516779267645E-8,1.2784779975209013E-9,12.468663594470048,294.63649769585254
0,399.99999999614755,999.9999999993785,601.246866359447,1.2307946202471314E-8,1.2922645863813824E-9,12.468663594470046,294.63649769585254
0,399.9999999973241,999.9999999995064,601.246866359447,1.1765588412831749E-8,1.2787282188655165E-9,12.468663594470048,294.63649769585254
0,399.9999999984287,999.9999999996305,601.246866359447,1.1045773104037537E-8,1.2410561920639794E-9,12.468663594470046,294.63649769585254
0,399.99999999944686,999.9999999997488,601.246866359447,1.0181821831787397E-8,1.1825733094295387E-9,12.468663594470048,294.63649769585254
0,400.0000000003675,999.9999999998594,601.246866359447,9.206389498183645E-9,1.1066817386966755E-9,12.468663594470046,294.63649769585254
0,400.00000000118257,999.999999999961,601.246866359447,8.150876077790366E-9,1.0167618102213578E-9,12.468663594470048,294.63649769585254
0,400.0000000018871,1000.0000000000526,601.246866359447,7.044935198963344E-9,9.161061341987824E-10,12.468663594470046,294.63649769585254
0,400.0000000024787,999.9999999999591,601.246866359447,5.916057880539033E-9,-4.0919407327545614E-10,12.468663594470048,294.63649769585254
0,400.0000000029576,999.9999999999234,601.246866359447,4.789268882045991E-9,-3.573612531434511E-10,12.468663594470046,294.63649769585254
0,400.0000000033263,999.999999999893,601.246866359447,3.686889549278411E-9,-3.039177337499425E-10,12.468663594470048,294.63649769585254
0,400.00000000358915,999.999999999868,601.246866359447,2.6283600623931337E-9,-2.501039792907405E-10,12.468663594470046,294.63649769585254
0,400.0000000037522,999.9999999998483,601.246866359447,1.6301715936798106E-9,-1.9702813778076892E-10,12.468663594470048,294.63649769585254
0,400.0000000038228,999.9999999998338,601.246866359447,7.058511765706821E-10,-1.456801547800264E-10,12.468663594470046,294.63649769585254
0,400.00000000380936,999.9999999998241,601.246866359447,-1.3399496795849724E-10,-9.689890692035639E-11,12.468663594470048,294.63649769585254
0,400.0000000037212,999.999999999819,601.246866359447,-8.815745143676675E-10,-5.1388315924450377E-11,12.468663594470046,294.63649769585254
0,400.000000003568,999.999999999818,601.246866359447,-1.5317794139625702E-9,-9.709006428613127E-12,12.468663594470048,294.63649769585254
0,400.0000000033598,999.9999999998207,601.246866359447,-2.081990521501374E-9,2.7729146362233727E-11,12.468663594470046,294.63649769585254
0,400.0000000031066,999.9999999998267,601.246866359447,-2.5318689555786115E-9,6.062819936765983E-11,12.468663594470048,294.63649769585254
0,400.0000000028183,999.9999999998356,601.246866359447,-2.8831242391664023E-9,8.8812939572658E-11,12.468663594470046,294.63649769585254
0,400.00000000250435,999.9999999998469,601.246866359447,-3.139250328412425E-9,1.1221779282066583E-10,12.468663594470048,294.63649769585254
0,400.0000000021738,999.9999999998599,601.246866359447,-3.3052670609985565E-9,1.3087512900199817E-10,12.468663594470046,294.63649769585254
0,400.0000000018351,999.9999999998744,601.246866359447,-3.3874664459737147E-9,1.4492755205639122E-10,12.468663594470048,294.63649769585254
0,400.0000000014958,999.9999999998898,601.246866359447,-3.3931519099532114E-9,1.545934043068533E-10,12.468663594470046,294.63649769585254
0,400.00000000116273,999.9999999999059,601.246866359447,-3.3303712510055294E-9,1.6013595033123815E-10,12.468663594470048,294.63649769585254
0,400.00000000084196,999.999999999922,601.246866359447,-3.2076780774578386E-9,1.618813226226057E-10,12.468663594470046,294.63649769585254
0,400.0000000005386,999.999999999938,601.246866359447,-3.0339186932289268E-9,1.602118156782668E-10,12.468663594470048,294.63649769585254
0,400.00000000025676,999.9999999999536,601.246866359447,-2.8180189780257392E-9,1.5551442065090784E-10,12.468663594470046,294.63649769585254
0,399.9999999999999,999.9999999999684,601.246866359447,-2.568782631635181E-9,1.4820306173956152E-10,12.468663594470048,294.63649769585254
0,399.9999999997704,999.9999999999823,601.246866359447,-2.294756413559884E-9,1.3871572333133015E-10,12.468663594470046,294.63649769585254
0,399.99999999957,999.999999999995,601.246866359447,-2.0040642823577355E-9,1.2746640884623603E-10,12.468663594470048,294.63649769585254
0,399.99999999939956,1000.0000000000065,601.246866359447,-1.7042933328365078E-9,1.1487043607458773E-10,12.468663594470046,294.63649769585254
0,399.99999999925933,999.9999999999949,601.246866359447,-1.4024146373152707E-9,-5.1308794779982524E-11,12.468663594470048,294.63649769585254
0,399.9999999991489,999.9999999999905,601.246866359447,-1.1046897931170427E-9,-4.481267513062318E-11,12.468663594470046,294.63649769585254
0,399.9999999990672,999.9999999999866,601.246866359447,-8.166329130639825E-10,-3.812271757630022E-11,12.468663594470048,294.63649769585254
0,399.9999999990129,999.9999999999834,601.246866359447,-5.429653016359858E-10,-3.137328499793139E-11,12.468663594470046,294.63649769585254
0,399.99999999898415,999.9999999999809,601.246866359447,-2.8763180909122776E-10,-2.470714560334752E-11,12.468663594470048,294.63649769585254
0,399.99999999897875,999.9999999999791,601.246866359447,-5.3781335095863456E-11,-1.8251838991544156E-11,12.468663594470046,294.63649769585254
0,399.9999999989944,999.9999999999778,601.246866359447,1.562051132983507E-10,-1.2121300537623976E-11,12.468663594470048,294.63649769585254
0,399.99999999902843,999.9999999999771,601.246866359447,3.406666191598376E-10,-6.394575142467727E-12,12.468663594470046,294.63649769585254
0,399.9999999990783,999.999999999977,601.246866359447,4.98642389483241E-10,-1.1422762508622042E-12,12.468663594470048,294.63649769585254
0,399.99999999914127,999.9999999999774,601.246866359447,6.297970753039623E-10,3.5725147931830515E-12,12.468663594470046,294.63649769585254
0,399.9999999992147,999.9999999999782,601.246866359447,7.343654263509183E-10,7.716182689897178E-12,12.468663594470048,294.63649769585254
0,399.999999999296,999.9999999999793,601.246866359447,8.130914805192329E-10,1.1258697771484867E-11,12.468663594470046,294.63649769585254
0,399.99999999938274,999.9999999999807,601.246866359447,8.671628711154028E-10,1.4195970902259971E-11,12.468663594470048,294.63649769585254
0,399.99999999947255,999.9999999999824,601.246866359447,8.981180352783294E-10,1.654708648855385E-11,12.468663594470046,294.63649769585254
0,399.99999999956333,999.9999999999842,601.246866359447,9.078087949038618E-10,1.8306355899144872E-11,12.468663594470048,294.63649769585254
0,399.99999999965314,999.9999999999861,601.246866359447,8.983100855185287E-10,1.9514172025230343E-11,12.468663594470046,294.63649769585254
0,399.99999999974034,999.9999999999882,601.246866359447,8.71862051440949E-10,2.0206619182946538E-11,12.468663594470048,294.63649769585254
0,399.99999999982344,999.9999999999902,601.246866359447,8.307955800918153E-10,2.041593269470852E-11,12.468663594470046,294.63649769585254
0,399.9999999999012,999.9999999999923,601.246866359447,7.774885166783556E-10,2.019364681608474E-11,12.468663594470048,294.63649769585254
0,399.99999999997266,999.9999999999942,601.246866359447,7.143151806286813E-10,1.9585798815383012E-11,12.468663594470046,294.63649769585254
0,400.000000000037,999.999999999996,601.246866359447,6.435898982560317E-10,1.865625268650264E-11,12.468663594470048,294.63649769585254
0,400.00000000009373,999.9999999999977,601.246866359447,5.675392959730443E-10,1.7462060263993672E-11,12.468663594470046,294.63649769585254
0,400.00000000014256,999.9999999999993,601.246866359447,4.882548115289584E-10,1.6054187853387477E-11,12.468663594470048,294.63649769585254
0,400.0000000001833,1000.0000000000008,601.246866359447,4.076616393986216E-10,1.4478165354292086E-11,12.468663594470046,294.63649769585254
0,400.00000000021606,999.9999999999993,601.246866359447,3.2751372603088075E-10,-6.466913858250465E-12,12.468663594470048,294.63649769585254
0,400.000000000241,999.9999999999987,601.246866359447,2.4936656156960056E-10,-5.640685508104476E-12,12.468663594470046,294.63649769585254
0,400.00000000025847,999.9999999999983,601.246866359447,1.7456424247487797E-10,-4.788901344252443E-12,12.468663594470048,294.63649769585254
0,400.00000000026887,999.999999999998,601.246866359447,1.042506514988722E-10,-3.937024687700668E-12,12.468663594470046,294.63649769585254
0,400.0000000002728,999.9999999999976,601.246866359447,3.935670776333478E-11,-3.107802771881446E-12,12.468663594470048,294.63649769585254
0,400.00000000027086,999.9999999999974,601.246866359447,-1.9399654487357795E-11,-2.2988190911166376E-12,12.468663594470046,294.63649769585254
0,400.0000000002637,999.9999999999973,601.246866359447,-7.150213618305633E-11,-1.530652267878096E-12,12.468663594470048,294.63649769585254
0,400.00000000025204,999.9999999999972,601.246866359447,-1.1661456567592132E-10,-8.216858715740088E-13,12.468663594470046,294.63649769585254
0,400.0000000002366,999.9999999999972,601.246866359447,-1.5458442251625426E-10,-1.6560518999803424E-13,12.468663594470048,294.63649769585254
0,400.00000000021805,999.9999999999972,601.246866359447,-1.8541187930759038E-10,4.204935522098361E-13,12.468663594470046,294.63649769585254
0,400.00000000019713,999.9999999999973,601.246866359447,-2.0924488313145932E-10,9.44075095248867E-13,12.468663594470048,294.63649769585254
0,400.0000000001745,999.9999999999974,601.246866359447,-2.2635202425262675E-10,1.3890705728194113E-12,12.468663594470046,294.63649769585254
0,400.0000000001508,999.9999999999976,601.246866359447,-2.371096675128827E-10,1.7638624985714413E-12,12.468663594470048,294.63649769585254
0,400.0000000001266,999.9999999999978,601.246866359447,-2.419790876923866E-10,2.053201883821275E-12,12.468663594470046,294.63649769585254
0,400.00000000010243,999.9999999999981,601.246866359447,-2.414860437658026E-10,2.26620366622248E-12,12.468663594470048,294.63649769585254
0,400.0000000000788,999.9999999999983,601.246866359447,-2.3621390058821884E-10,2.411010523412243E-12,12.468663594470046,294.63649769585254
0,400.0000000000561,999.9999999999985,601.246866359447,-2.2677474690035815E-10,2.494896580746452E-12,12.468663594470048,294.63649769585254
0,400.00000000003473,999.9999999999987,601.246866359447,-2.1380633144744344E-10,2.5243600568763653E-12,12.468663594470046,294.63649769585254
0,400.00000000001495,999.999999999999,601.246866359447,-1.9794658854450688E-10,2.5052060271304417E-12,12.468663594470048,294.63649769585254
0,399.999999999997,999.9999999999992,601.246866359447,-1.7982224959850465E-10,2.4426203588021034E-12,12.468663594470046,294.63649769585254
0,399.99999999998096,999.9999999999994,601.246866359447,-1.6003866940140624E-10,2.341235760006808E-12,12.468663594470048,294.63649769585254
0,399.99999999996703,999.9999999999997,601.246866359447,-1.3915936893491544E-10,2.205190783327698E-12,12.468663594470046,294.63649769585254
0,399.99999999995526,999.9999999999999,601.246866359447,-1.177218663273374E-10,2.0381825357390463E-12,12.468663594470048,294.63649769585254
0,399.99999999994566,1000.0000000000001,601.246866359447,-9.621771312373024E-11,1.843513766137871E-12,12.468663594470046,294.63649769585254
0,399.99999999993815,999.9999999999999,601.246866359447,-7.508602870434586E-11,-8.234361488749158E-13,12.468663594470048,294.63649769585254
0,399.9999999999327,999.9999999999998,601.246866359447,-5.470772436510381E-11,-7.128655921172682E-13,12.468663594470046,294.63649769585254
0,399.9999999999292,999.9999999999997,601.246866359447,-3.541171217992007E-11,-5.913518605361131E-13,12.468663594470048,294.63649769585254
0,399.9999999999274,999.9999999999997,601.246866359447,-1.7469082900615238E-11,-4.600622261126248E-13,12.468663594470046,294.63649769585254
0,399.9999999999273,999.9999999999997,601.246866359447,-1.0879048808325824E-12,-3.4277681936097523E-13,12.468663594470048,294.63649769585254
0,399.99999999992866,999.9999999999997,601.246866359447,1.356868485105092E-11,-2.3800185599616825E-13,12.468663594470046,294.63649769585254
0,399.9999999999313,999.9999999999997,601.246866359447,2.6389056601001635E-11,-1.4440288872360735E-13,12.468663594470048,294.63649769585254
0,399.999999999935,999.9999999999997,601.246866359447,3.731896257743817E-11,-6.078781129345295E-14,12.468663594470046,294.63649769585254
0,399.9999999999397,999.9999999999997,601.246866359447,4.6332678787425477E-11,1.3908324544151645E-14,12.468663594470048,294.63649769585254
0,399.99999999994503,999.9999999999997,601.246866359447,5.345269986569689E-11,8.063687255907844E-14,12.468663594470046,294.63649769585254
0,399.9999999999509,999.9999999999997,601.246866359447,5.874459575436949E-11,1.4024770878574637E-13,12.468663594470048,294.63649769585254
0,399.99999999995714,999.9999999999997,601.246866359447,6.23010483197177E-11,1.9350005581490304E-13,12.468663594470046,294.63649769585254
0,399.99999999996356,999.9999999999997,601.246866359447,6.422759072982434E-11,2.41072152494283E-13,12.468663594470048,294.63649769585254
0,399.99999999997004,999.9999999999997,601.246866359447,6.466397401659866E-11,2.835698921945291E-13,12.468663594470046,294.63649769585254
0,399.9999999999764,999.9999999999997,601.246866359447,6.37577798027573E-11,3.2153453966008224E-13,12.468663594470048,294.63649769585254
0,399.99999999998255,999.9999999999997,601.246866359447,6.167495372257692E-11,3.5544962472930974E-13,12.468663594470046,294.63649769585254
0,399.9999999999884,999.9999999999997,601.246866359447,5.858647791022232E-11,3.857471007244863E-13,12.468663594470048,294.63649769585254
0,399.99999999999386,999.9999999999997,601.246866359447,5.465646508931958E-11,4.1281284594684404E-13,12.468663594470046,294.63649769585254
0,399.99999999999886,999.9999999999997,601.246866359447,5.005425999385228E-11,4.369915783454836E-13,12.468663594470048,294.63649769585254
0,400.00000000000335,999.9999999999997,601.246866359447,4.4942512603284603E-11,4.58591245954935E-13,12.468663594470046,294.63649769585254
0,400.0000000000073,999.9999999999997,601.246866359447,3.9477892249710046E-11,4.778869490193782E-13,12.468663594470048,294.63649769585254
0,400.00000000001063,999.9999999999997,601.246866359447,3.381172555357096E-11,4.951244437569475E-13,12.468663594470046,294.63649769585254
0,400.0000000000134,999.9999999999997,601.246866359447,2.807919762912917E-11,5.105232723891761E-13,12.468663594470048,294.63649769585254
0,400.00000000001563,999.9999999999997,601.246866359447,2.2401073845125253E-11,5.242795593006335E-13,12.468663594470046,294.63649769585254
0,400.00000000001734,999.9999999999997,601.246866359447,1.688523793096745E-11,5.365685089415356E-13,12.468663594470048,294.63649769585254
0,400.0000000000185,999.9999999999997,601.246866359447,1.1616697334488301E-11,5.475466372874081E-13,12.468663594470046,294.63649769585254
0,400.00000000001916,999.9999999999997,601.246866359447,6.682760726190361E-12,5.573537652763875E-13,12.468663594470048,294.63649769585254
0,400.0000000000194,999.9999999999997,601.246866359447,2.1386864841782616E-12,5.661147996132091E-13,12.468663594470046,294.63649769585254
0,400.0000000000192,999.9999999999998,601.246866359447,-1.9661612404411926E-12,5.739413236207698E-13,12.468663594470048,294.63649769585254
0,400.00000000001864,999.9999999999998,601.246866359447,-5.5990524897847535E-12,5.581956508565341E-13,12.468663594470046,294.63649769585254
0,400.0000000000178,999.9999999999998,601.246866359447,-8.730748501476719E-12,5.441295165204835E-13,12.468663594470048,294.63649769585254
0,400.00000000001666,999.9999999999998,601.246866359447,-1.1357866682005784E-11,5.315637698469451E-13,12.468663594470046,294.63649769585254
0,400.0000000000153,999.9999999999998,601.246866359447,-1.3477385247835184E-11,5.203383694852506E-13,12.468663594470048,294.63649769585254
0,400.00000000001376,999.9999999999998,601.246866359447,-1.509797342277757E-11,5.103103451621369E-13,12.468663594470046,294.63649769585254
0,400.0000000000121,999.9999999999998,601.246866359447,-1.623874439721107E-11,5.013519767668221E-13,12.468663594470048,294.63649769585254
0,400.0000000000104,999.9999999999998,601.246866359447,-1.6928141304978978E-11,4.933491676670075E-13,12.468663594470046,294.63649769585254
0,400.0000000000087,999.9999999999998,601.246866359447,-1.7202942029420127E-11,4.861999915378397E-13,12.468663594470048,294.63649769585254
0,400.000000000007,999.9999999999998,601.246866359447,-1.7107370163422707E-11,4.798133941957832E-13,12.468663594470046,294.63649769585254
0,400.00000000000534,999.9999999999998,601.246866359447,-1.6680932116633496E-11,4.741080339035461E-13,12.468663594470048,294.63649769585254
0,400.00000000000375,999.9999999999998,601.246866359447,-1.597028896544245E-11,4.690112453758143E-13,12.468663594470046,294.63649769585254
0,400.0000000000023,999.9999999999998,601.246866359447,-1.501712460475792E-11,4.644581142910404E-13,12.468663594470048,294.63649769585254
0,400.0000000000009,999.9999999999998,601.246866359447,-1.3870045331136875E-11,4.603906505219759E-13,12.468663594470046,294.63649769585254
0,399.99999999999966,999.9999999999998,601.246866359447,-1.2572472769503527E-11,4.567570495549449E-13,12.468663594470048,294.63649769585254
0,399.9999999999985,999.9999999999998,601.246866359447,-1.1163196904790181E-11,4.535110326910639E-13,12.468663594470046,294.63649769585254
0,399.99999999999756,999.9999999999998,601.246866359447,-9.67687012353636E-12,4.5061125762599683E-13,12.468663594470048,294.63649769585254
0,399.99999999999676,999.9999999999998,601.246866359447,-8.155817241489533E-12,4.4802079190120357E-13,12.468663594470046,294.63649769585254
0,399.9999999999961,999.9999999999998,601.246866359447,-6.6378484273841045E-12,4.4570664252038825E-13,12.468663594470048,294.63649769585254
0,399.99999999999557,999.9999999999998,601.246866359447,-5.145372081517316E-12,4.4363933574019323E-13,12.468663594470046,294.63649769585254
0,399.99999999999517,999.9999999999998,601.246866359447,-3.7097750585935305E-12,4.4179254168321905E-13,12.468663594470048,294.63649769585254
0,399.99999999999494,999.9999999999998,601.246866359447,-2.347727598376484E-12,4.4014273899232207E-13,12.468663594470046,294.63649769585254
0,399.9999999999948,999.9999999999998,601.246866359447,-1.0854904654939428E-12,4.386689152551208E-13,12.468663594470048,294.63649769585254
0,399.9999999999948,999.9999999999998,601.246866359447,6.484540742545035E-14,4.37352299383221E-13,12.468663594470046,294.63649769585254
0,399.99999999999494,999.9999999999998,601.246866359447,1.0924787872334416E-12,4.361761225376572E-13,12.468663594470048,294.63649769585254
0,399.9999999999951,999.9999999999998,601.246866359447,1.9877605723175905E-12,4.351254045556202E-13,12.468663594470046,294.63649769585254
0,399.9999999999954,999.9999999999998,601.246866359447,2.7534395823429455E-12,4.3418676315833377E-13,12.468663594470048,294.63649769585254
0,399.99999999999574,999.9999999999998,601.246866359447,3.3806027457714547E-12,4.3334824351009123E-13,12.468663594470046,294.63649769585254
0,399.99999999999613,999.9999999999998,601.246866359447,3.872656402467953E-12,4.325991659576612E-13,12.468663594470048,294.63649769585254
0,399.99999999999653,999.9999999999998,601.246866359447,4.2326435493783605E-12,4.3192999001082375E-13,12.468663594470046,294.63649769585254
0,399.999999999997,999.9999999999998,601.246866359447,4.47465128087986E-12,4.3133219283164897E-13,12.468663594470048,294.63649769585254
0,399.99999999999744,999.9999999999998,601.246866359447,4.59989538417724E-12,4.307981606849195E-13,12.468663594470046,294.63649769585254
0,399.9999999999979,999.9999999999998,601.246866359447,4.62083064627894E-12,4.303210919671745E-13,12.468663594470048,294.63649769585254
0,399.99999999999835,999.9999999999998,601.246866359447,4.548583343579166E-12,4.298949105793223E-13,12.468663594470046,294.63649769585254
0,399.9999999999988,999.9999999999998,601.246866359447,4.393092949656742E-12,4.295141885395077E-13,12.468663594470048,294.63649769585254
0,399.9999999999992,999.9999999999998,601.246866359447,4.163238727575416E-12,4.291740768506066E-13,12.468663594470046,294.63649769585254
0,399.9999999999996,999.9999999999998,601.246866359447,3.878321502777634E-12,4.28870243741855E-13,12.468663594470048,294.63649769585254
0,399.99999999999994,999.9999999999998,601.246866359447,3.5442146622198174E-12,4.2859881949803687E-13,12.468663594470046,294.63649769585254
0,400.0000000000003,999.9999999999998,601.246866359447,3.177533782021865E-12,4.2835634717355936E-13,12.468663594470048,294.63649769585254
0,400.00000000000057,999.9999999999998,601.246866359447,2.781753426412058E-12,4.2813973856369276E-13,12.468663594470046,294.63649769585254
0,400.0000000000008,999.9999999999998,601.246866359447,2.3713462232064893E-12,4.2794623487221194E-13,12.468663594470048,294.63649769585254
0,400.00000000000097,999.9999999999998,601.246866359447,1.9592410532542015E-12,4.2777337157448906E-13,12.468663594470046,294.63649769585254
0,400.00000000000114,999.9999999999998,601.246866359447,1.5569877167803395E-12,4.276189470285233E-13,12.468663594470048,294.63649769585254
0,400.00000000000125,999.9999999999998,601.246866359447,1.1635353515472046E-12,4.274809944341272E-13,12.468663594470046,294.63649769585254
0,400.0000000000013,999.9999999999998,601.246866359447,7.893138710612809E-13,4.273577567831334E-13,12.468663594470048,294.63649769585254
0,400.00000000000136,999.9999999999998,601.246866359447,4.4364066472169403E-13,4.272476644815789E-13,12.468663594470046,294.63649769585254
0,400.00000000000136,999.9999999999998,601.246866359447,1.234705832861682E-13,4.2714931535885687E-13,12.468663594470048,294.63649769585254
0,400.00000000000136,999.9999999999998,601.246866359447,-1.6254802279623491E-13,4.270614568092252E-13,12.468663594470046,294.63649769585254
0,400.0000000000013,999.9999999999998,601.246866359447,-4.180579775631817E-13,4.2698296983822093E-13,12.468663594470048,294.63649769585254
0,400.00000000000125,999.9999999999998,601.246866359447,-6.349448533828258E-13,4.2691285481079043E-13,12.468663594470046,294.63649769585254
0,400.0000000000012,999.9999999999998,601.246866359447,-8.173284453428797E-13,4.268502187196192E-13,12.468663594470048,294.63649769585254
0,400.0000000000011,999.9999999999998,601.246866359447,-9.688891037216994E-13,4.2679426381150625E-13,12.468663594470046,294.63649769585254
0,400.00000000000097,999.9999999999998,601.246866359447,-1.081545924329122E-12,4.2674427742692535E-13,12.468663594470048,294.63649769585254
0,400.00000000000085,999.9999999999998,601.246866359447,-1.159448649860763E-12,4.266996229233664E-13,12.468663594470046,294.63649769585254
0,400.00000000000074,999.9999999999998,601.246866359447,-1.2063043837913722E-12,4.266597315668537E-13,12.468663594470048,294.63649769585254
0,400.0000000000006,999.9999999999998,601.246866359447,-1.22542480522506E-12,4.266240952883691E-13,12.468663594470046,294.63649769585254
0,400.0000000000005,999.9999999999998,601.246866359447,-1.2197683474948312E-12,4.265922602129228E-13,12.468663594470048,294.63649769585254
0,400.0000000000004,999.9999999999998,601.246866359447,-1.1919778777115036E-12,4.2656382087885743E-13,12.468663594470046,294.63649769585254
0,400.0000000000003,999.9999999999998,601.246866359447,-1.144414357160741E-12,4.2653841507375906E-13,12.468663594470048,294.63649769585254
0,400.00000000000017,999.9999999999998,601.246866359447,-1.0791869112577367E-12,4.265157192212045E-13,12.468663594470046,294.63649769585254
0,400.00000000000006,999.9999999999998,601.246866359447,-9.98179692040063E-13,4.264954442595891E-13,12.468663594470048,294.63649769585254
0,399.99999999999994,999.9999999999998,601.246866359447,-9.030758753279511E-13,4.26477331960546E-13,12.468663594470046,294.63649769585254
0,399.9999999999999,999.9999999999998,601.246866359447,-7.953790981874747E-13,4.264611516400675E-13,12.468663594470048,294.63649769585254
0,399.99999999999983,999.9999999999998,601.246866359447,-6.878012935031541E-13,4.2644669722044007E-13,12.468663594470046,294.63649769585254
0,399.9999999999998,999.9999999999998,601.246866359447,-5.803297708796662E-13,4.2643378460557285E-13,12.468663594470048,294.63649769585254
0,399.9999999999997,999.9999999999998,601.246866359447,-4.729531935638554E-13,4.264222493362915E-13,12.468663594470046,294.63649769585254
0,399.99999999999966,999.9999999999998,601.246866359447,-3.656614340562362E-13,4.2641194449573347E-13,12.468663594470048,294.63649769585254
0,399.99999999999966,999.9999999999998,601.246866359447,-2.584454451239347E-13,4.264027388381683E-13,12.468663594470046,294.63649769585254
0,399.99999999999966,999.9999999999998,601.246866359447,-1.6266582834441205E-13,4.263945151174101E-13,12.468663594470048,294.63649769585254
0,399.99999999999966,999.9999999999998,601.246866359447,-7.710270402137181E-14,4.2638716859353275E-13,12.468663594470046,294.63649769585254
0,399.99999999999966,999.9999999999998,601.246866359447,-6.663129594558688E-16,4.26380605698869E-13,12.468663594470048,294.63649769585254
0,399.99999999999966,999.9999999999998,601.246866359447,6.761686305585572E-14,4.263747428463027E-13,12.468663594470046,294.63649769585254
0,399.99999999999966,999.9999999999998,601.246866359447,1.286165002962007E-13,4.2636950536467683E-13,12.468663594470048,294.63649769585254
0,399.99999999999966,999.9999999999998,601.246866359447,1.8310950956424224E-13,4.263648265477577E-13,12.468663594470046,294.63649769585254
0,399.99999999999966,999.9999999999998,601.246866359447,2.31789931177026E-13,4.263606468046433E-13,12.468663594470048,294.63649769585254
0,399.99999999999966,999.9999999999998,601.246866359447,2.752777744844462E-13,4.263569129007944E-13,12.468663594470046,294.63649769585254
0,399.9999999999997,999.9999999999998,601.246866359447,3.1412691450574156E-13,4.2635357728002273E-13,12.468663594470048,294.63649769585254
0,399.9999999999998,999.9999999999998,601.246866359447,3.3746346248593716E-13,4.2635059745880007E-13,12.468663594470046,294.63649769585254
0,399.99999999999983,999.9999999999998,601.246866359447,3.4694209490941695E-13,4.263479354851745E-13,12.468663594470048,294.63649769585254
0,399.9999999999999,999.9999999999998,601.246866359447,3.4404098943556394E-13,4.263455574554023E-13,12.468663594470046,294.63649769585254
0,399.99999999999994,999.9999999999998,601.246866359447,3.3008065144009364E-13,4.263434330821391E-13,12.468663594470048,294.63649769585254
0,400.0,999.9999999999998,601.246866359447,3.062407323919786E-13,4.2634153530869067E-13,12.468663594470046,294.63649769585254
0,400.0,999.9999999999998,601.246866359447,2.7357505427016754E-13,4.263398399644101E-13,12.468663594470048,294.63649769585254
0,400.0,999.9999999999998,601.246866359447,2.4439371514801633E-13,4.2633832545685277E-13,12.468663594470046,294.63649769585254
0,400.0,999.9999999999998,601.246866359447,2.1832505219889458E-13,4.263369724967682E-13,12.468663594470048,294.63649769585254
0,400.0,999.9999999999998,601.246866359447,1.9503704663101247E-13,4.26335763852426E-13,12.468663594470046,294.63649769585254
0,400.0,999.9999999999998,601.246866359447,1.7423309499037114E-13,4.26334684130147E-13,12.468663594470048,294.63649769585254
0,400.0,999.9999999999998,601.246866359447,1.5564823152473154E-13,4.263337195782444E-13,12.468663594470046,294.63649769585254
0,400.0,999.9999999999998,601.246866359447,1.3904575349542684E-13,4.263328579118781E-13,12.468663594470048,294.63649769585254
0,400.0,999.9999999999998,601.246866359447,1.2421420645591465E-13,4.263320881565908E-13,12.468663594470046,294.63649769585254
0,400.0,999.9999999999998,601.246866359447,1.1096469110061708E-13,4.2633140050853423E-13,12.468663594470048,294.63649769585254
0,400.0,999.9999999999998,601.246866359447,9.912845738321792E-14,4.2633078620960366E-13,12.468663594470046,294.63649769585254
0,400.0,999.9999999999998,601.246866359447,8.855475526234134E-14,4.2633023743589234E-13,12.468663594470048,294.63649769585254
0,400.0,999.9999999999998,601.246866359447,7.910891470102493E-14,4.263297471980436E-13,12.468663594470046,294.63649769585254
0,400.0,999.9999999999998,601.246866359447,7.067063046624893E-14,4.26329309252232E-13,12.468663594470048,294.63649769585254
0,400.0,999.9999999999998,601.246866359447,6.313242988318238E-14,4.2632891802064035E-13,12.468663594470046,294.63649769585254
0,400.0,999.9999999999998,601.246866359447,5.639830402897626E-14,4.2632856852041845E-13,12.468663594470048,294.63649769585254
0,400.0,999.9999999999998,601.246866359447,5.0382484932552124E-14,4.2632825630022024E-13,12.468663594470046,294.63649769585254
0,400.0,999.9999999999998,601.246866359447,4.500835320641323E-14,4.2632797738350983E-13,12.468663594470048,294.63649769585254
0,400.0,999.9999999999998,601.246866359447,4.0207462197729156E-14,4.263277282179152E-13,12.468663594470046,294.63649769585254
0,400.0,999.9999999999998,601.246866359447,3.591866622997138E-14,4.26327505629984E-13,12.468663594470048,294.63649769585254
0,400.0,999.9999999999998,601.246866359447,3.2087341832107766E-14,4.263273067847654E-13,12.468663594470046,294.63649769585254
0,400.0,999.9999999999998,601.246866359447,2.8664692036682937E-14,4.2632712914970353E-13,12.468663594470048,294.63649769585254
0,400.0,999.9999999999998,601.246866359447,2.5607124886103424E-14,4.263269704623816E-13,12.468663594470046,294.63649769585254
0,400.0,999.9999999999998,601.246866359447,2.2875698231585726E-14,4.263268287017073E-13,12.468663594470048,294.63649769585254
0,400.0,999.9999999999998,601.246866359447,2.0435623753549915E-14,4.263267020621716E-13,12.468663594470046,294.63649769585254
0,400.0,999.9999999999998,601.246866359447,1.825582388650459E-14,4.2632658893085304E-13,12.468663594470048,294.63649769585254
0,400.0,999.9999999999998,601.246866359447,1.6308536005277436E-14,4.263264878668751E-13,12.468663594470046,294.63649769585254
0,400.0,999.9999999999998,601.246866359447,1.4568958831381177E-14,4.2632639758305484E-13,12.468663594470048,294.63649769585254
0,400.0,999.9999999999998,601.246866359447,1.3014936556033851E-14,4.263263169295087E-13,12.468663594470046,294.63649769585254
0,400.0,999.9999999999998,601.246866359447,1.1626676656723574E-14,4.2632624487900754E-13,12.468663594470048,294.63649769585254
0,400.0,999.9999999999998,601.246866359447,1.0386497813339726E-14,4.2632618051389314E-13,12.468663594470046,294.63649769585254
0,400.0,999.9999999999998,601.246866359447,9.278604713250156E-15,4.2632612301439095E-13,12.468663594470048,294.63649769585254
0,400.0,999.9999999999998,601.246866359447,8.288886877170138E-15,4.26326071648169E-13,12.468663594470046,294.63649769585254
0,400.0,999.9999999999998,601.246866359447,7.404738943605324E-15,4.2632602576101075E-13,12.468663594470048,294.63649769585254
0,400.0,999.9999999999998,601.246866359447,6.6149001229540895E-15,4.2632598476848267E-13,12.468663594470046,294.63649769585254
0,400.0,999.9999999999998,601.246866359447,5.9093107765056535E-15,4.2632594814849095E-13,12.468663594470048,294.63649769585254
0,400.0,999.9999999999998,601.246866359447,5.278984293678384E-15,4.2632591543463166E-13,12.468663594470046,294.63649769585254
0,400.0,999.9999999999998,601.246866359447,4.715892635686023E-15,4.263258862102507E-13,12.468663594470048,294.63649769585254
0,400.0,999.9999999999998,601.246866359447,4.212864087879514E-15,4.2632586010313704E-13,12.468663594470046,294.63649769585254
0,400.0,999.9999999999998,601.246866359447,3.763491918505699E-15,4.2632583678078214E-13,12.468663594470048,294.63649769585254
0,400.0,999.9999999999998,601.246866359447,3.362052780531758E-15,4.263258159461451E-13,12.468663594470046,294.63649769585254
0,400.0,999.9999999999998,601.246866359447,3.003433817275037E-15,4.2632579733386937E-13,12.468663594470048,294.63649769585254
0,400.0,999.9999999999998,601.246866359447,2.6830675434323666E-15,4.2632578070690307E-13,12.468663594470046,294.63649769585254
0,400.0,999.9999999999998,601.246866359447,2.396873672132914E-15,4.263257658534798E-13,12.468663594470048,294.63649769585254
0,400.0,999.9999999999998,601.246866359447,2.141207147105403E-15,4.263257525844217E-13,12.468663594470046,294.63649769585254
0,400.0,999.9999999999998,601.246866359447,1.912811718080827E-15,4.263257407307298E-13,12.468663594470048,294.63649769585254
0,400.0,999.9999999999998,601.246866359447,1.7087784681522054E-15,4.263257301414317E-13,12.468663594470046,294.63649769585254
0,400.0,999.9999999999998,601.246866359447,1.5265087648826367E-15,4.263257206816587E-13,12.468663594470048,294.63649769585254
0,400.0,999.9999999999998,601.246866359447,1.3636811632951555E-15,4.2632571223092816E-13,12.468663594470046,294.63649769585254
0,400.0,999.9999999999998,601.246866359447,1.218221839210339E-15,4.263257046816089E-13,12.468663594470048,294.63649769585254
0,400.0,999.9999999999998,601.246866359447,1.0882781763612362E-15,4.2632569793755035E-13,12.468663594470046,294.63649769585254
0,400.0,999.9999999999998,601.246866359447,9.721951708827044E-16,4.2632569191285806E-13,12.468663594470048,294.63649769585254
0,400.0,999.9999999999998,601.246866359447,8.684943526552159E-16,4.2632568653079963E-13,12.468663594470046,294.63649769585254
0,400.0,999.9999999999998,601.246866359447,7.758549550386596E-16,4.263256817228274E-13,12.468663594470048,294.63649769585254
0,400.0,999.9999999999998,601.246866359447,6.930970931678693E-16,4.2632567742770557E-13,12.468663594470046,294.63649769585254
0,400.0,999.9999999999998,601.246866359447,6.191667365632966E-16,4.2632567359073005E-13,12.468663594470048,294.63649769585254
0,400.0,999.9999999999998,601.246866359447,5.531222846632116E-16,4.263256701630319E-13,12.468663594470046,294.63649769585254
0,400.0,999.9999999999998,601.246866359447,4.941225742991357E-16,4.2632566710095495E-13,12.468663594470048,294.63649769585254
0,400.0,999.9999999999998,601.246866359447,4.4141616637389453E-16,4.263256643654995E-13,12.468663594470046,294.63649769585254
0,400.0,999.9999999999998,601.246866359447,3.9433177529401247E-16,4.26325661921826E-13,12.468663594470048,294.63649769585254
0,400.0,999.9999999999998,601.246866359447,3.522697192626511E-16,4.2632565973881097E-13,12.468663594470046,294.63649769585254
0,400.0,999.9999999999998,601.246866359447,3.1469428254130166E-16,4.263256577886509E-13,12.468663594470048,294.63649769585254
0,400.0,999.9999999999998,601.246866359447,2.811268924035628E-16,4.263256560465079E-13,12.468663594470046,294.63649769585254
0,400.0,999.9999999999998,601.246866359447,2.511400238805161E-16,4.2632565449019347E-13,12.468663594470048,294.63649769585254
0,400.0,999.9999999999998,601.246866359447,2.243517546665944E-16,4.2632565309988593E-13,12.468663594470046,294.63649769585254
0,400.0,999.9999999999998,601.246866359447,2.00420900835491E-16,4.263256518578778E-13,12.468663594470048,294.63649769585254
0,400.0,999.9999999999998,601.246866359447,1.7904267141303862E-16,4.263256507483506E-13,12.468663594470046,294.63649769585254
0,400.0,999.9999999999998,601.246866359447,1.599447864623145E-16,4.2632564975717294E-13,12.468663594470048,294.63649769585254
0,400.0,999.9999999999998,601.246866359447,1.4288400923966764E-16,4.263256488717209E-13,12.468663594470046,294.63649769585254
0,400.0,999.9999999999998,601.246866359447,1.2764304825410309E-16,4.263256480807171E-13,12.468663594470048,294.63649769585254
0,400.0,999.9999999999998,601.246866359447,1.1402778977366543E-16,4.26325647374087E-13,12.468663594470046,294.63649769585254
0,400.0,999.9999999999998,601.246866359447,1.0186482553114112E-16,4.263256467428308E-13,12.468663594470048,294.63649769585254
0,400.0,999.9999999999998,601.246866359447,9.099924414115274E-17,4.263256461789086E-13,12.468663594470046,294.63649769585254
0,400.0,999.9999999999998,601.246866359447,8.129265809942978E-17,4.263256456751381E-13,12.468663594470048,294.63649769585254
0,400.0,999.9999999999998,601.246866359447,7.26214412354906E-17,4.263256452251031E-13,12.468663594470046,294.63649769585254
0,400.0,999.9999999999998,601.246866359447,6.48751541703716E-17,4.263256448230719E-13,12.468663594470048,294.63649769585254
0,400.0,999.9999999999998,601.246866359447,5.795513772553196E-17,4.26325644463924E-13,12.468663594470046,294.63649769585254
0,400.0,999.9999999999998,601.246866359447,5.1773256368141886E-17,4.263256441430852E-13,12.468663594470048,294.63649769585254
0,400.0,999.9999999999998,601.246866359447,4.625077568887342E-17,4.263256438564692E-13,12.468663594470046,294.63649769585254
0,400.0,999.9999999999998,601.246866359447,4.131735961539359E-17,4.2632564360042553E-13,12.468663594470048,294.63649769585254
0,400.0,999.9999999999998,601.246866359447,3.691017458975161E-17,4.2632564337169323E-13,12.468663594470046,294.63649769585254
0,400.0,999.9999999999998,601.246866359447,3.2973089300178103E-17,4.26325643167359E-13,12.468663594470048,294.63649769585254
0,400.0,999.9999999999998,601.246866359447,2.945595977482577E-17,4.263256429848205E-13,12.468663594470046,294.63649769585254
0,400.0,999.9999999999998,601.246866359447,2.631399073217769E-17,4.263256428217527E-13,12.468663594470048,294.63649769585254
0,400.0,999.9999999999998,601.246866359447,2.3507165054078736E-17,4.2632564267607886E-13,12.468663594470046,294.63649769585254
0,400.0,999.9999999999998,601.246866359447,2.0999734114977003E-17,4.263256425459435E-13,12.468663594470048,294.63649769585254
0,400.0,999.9999999999998,601.246866359447,1.8759762476046123E-17,4.263256424296893E-13,12.468663594470046,294.63649769585254
0,400.0,999.9999999999998,601.246866359447,1.675872114526787E-17,4.2632564232583553E-13,12.468663594470048,294.63649769585254
0,400.0,999.9999999999998,601.246866359447,1.4971124223105964E-17,4.263256422330595E-13,12.468663594470046,294.63649769585254
0,400.0,999.9999999999998,601.246866359447,1.3374204305974662E-17,4.2632564215017955E-13,12.468663594470048,294.63649769585254
0,400.0,999.9999999999998,601.246866359447,1.1947622513337364E-17,4.263256420761401E-13,12.468663594470046,294.63649769585254
0,400.0,999.9999999999998,601.246866359447,1.0673209445248045E-17,4.2632564200999824E-13,12.468663594470048,294.63649769585254
0,400.0,999.9999999999998,601.246866359447,9.534733771088253E-18,4.263256419509115E-13,12.468663594470046,294.63649769585254
0,400.0,999.9999999999998,601.246866359447,8.517695502172172E-18,4.2632564189812736E-13,12.468663594470048,294.63649769585254
0,400.0,999.9999999999998,601.246866359447,7.609141315273807E-18,4.263256418509735E-13,12.468663594470046,294.63649769585254
0,400.0,999.9999999999998,601.246866359447,6.797499574977934E-18,4.263256418088494E-13,12.468663594470048,294.63649769585254
0,400.0,999.9999999999998,601.246866359447,6.072432953646954E-18,4.2632564177121855E-13,12.468663594470046,294.63649769585254
0,400.0,999.9999999999998,601.246866359447,5.424706771924612E-18,4.2632564173760167E-13,12.468663594470048,294.63649769585254
0,400.0,999.9999999999998,601.246866359447,4.84607138291932E-18,4.263256417075706E-13,12.468663594470046,294.63649769585254
0,400.0,999.9999999999998,601.246866359447,4.329157102074592E-18,4.263256416807428E-13,12.468663594470048,294.63649769585254
0,400.0,999.9999999999998,601.246866359447,3.867380344519969E-18,4.263256416567766E-13,12.468663594470046,294.63649769585254
0,400.0,999.9999999999998,601.246866359447,3.4548597744378393E-18,4.2632564163536686E-13,12.468663594470048,294.63649769585254
0,400.0,999.9999999999998,601.246866359447,3.086341398497803E-18,4.263256416162408E-13,12.468663594470046,294.63649769585254
0,400.0,999.9999999999998,601.246866359447,2.7571316493247043E-18,4.2632564159915483E-13,12.468663594470048,294.63649769585254
0,400.0,999.9999999999998,601.246866359447,2.463037606730069E-18,4.2632564158389137E-13,12.468663594470046,294.63649769585254
0,400.0,999.9999999999998,601.246866359447,2.2003135953455286E-18,4.26325641570256E-13,12.468663594470048,294.63649769585254
0,400.0,999.9999999999998,601.246866359447,1.9656134785086723E-18,4.263256415580751E-13,12.468663594470046,294.63649769585254
0,400.0,999.9999999999998,601.246866359447,1.7559480408010806E-18,4.263256415471935E-13,12.468663594470048,294.63649769585254
0,400.0,999.9999999999998,601.246866359447,1.5686469164489653E-18,4.2632564153747263E-13,12.468663594470046,294.63649769585254
0,400.0,999.9999999999998,601.246866359447,1.401324578694409E-18,4.2632564152878864E-13,12.468663594470048,294.63649769585254
0,400.0,999.9999999999998,601.246866359447,1.2518499569670053E-18,4.2632564152103095E-13,12.468663594470046,294.63649769585254
0,400.0,999.9999999999998,601.246866359447,1.1183192948905247E-18,4.2632564151410074E-13,12.468663594470048,294.63649769585254
0,400.0,999.9999999999998,601.246866359447,9.990319034355355E-19,4.2632564150790976E-13,12.468663594470046,294.63649769585254
0,400.0,999.9999999999998,601.246866359447,8.924685004024117E-19,4.2632564150237915E-13,12.468663594470048,294.63649769585254
0,400.0,999.9999999999998,601.246866359447,7.972718603594878E-19,4.2632564149743843E-13,12.468663594470046,294.63649769585254
0,400.0,999.9999999999998,601.246866359447,7.122295285878091E-19,4.2632564149302475E-13,12.468663594470048,294.63649769585254
0,400.0,999.9999999999998,601.246866359447,6.362583788717762E-19,4.2632564148908185E-13,12.468663594470046,294.63649769585254
0,400.0,999.9999999999998,601.246866359447,5.683908184587867E-19,4.263256414855595E-13,12.468663594470048,294.63649769585254
0,400.0,999.9999999999998,601.246866359447,5.077624644898494E-19,4.263256414824129E-13,12.468663594470046,294.63649769585254
0,400.0,999.9999999999998,601.246866359447,4.536011349442655E-19,4.2632564147960194E-13,12.468663594470048,294.63649769585254
0,400.0,999.9999999999998,601.246866359447,4.0521701388354383E-19,4.263256414770908E-13,12.468663594470046,294.63649769585254
0,400.0,999.9999999999998,601.246866359447,3.619938657359658E-19,4.263256414748475E-13,12.468663594470048,294.63649769585254
0,400.0,999.9999999999998,601.246866359447,3.233811867241295E-19,4.2632564147284354E-13,12.468663594470046,294.63649769585254
0,400.0,999.9999999999998,601.246866359447,2.8888719347355566E-19,4.263256414710533E-13,12.468663594470048,294.63649769585254
0,400.0,999.9999999999998,601.246866359447,2.5807255950304304E-19,4.2632564146945404E-13,12.468663594470046,294.63649769585254
0,400.0,999.9999999999998,601.246866359447,2.305448198227185E-19,4.2632564146802535E-13,12.468663594470048,294.63649769585254
0,400.0,999.9999999999998,601.246866359447,2.0595337237496183E-19,4.2632564146674904E-13,12.468663594470046,294.63649769585254
0,400.0,999.9999999999998,601.246866359447,1.839850126549659E-19,4.263256414656089E-13,12.468663594470048,294.63649769585254
0,400.0,999.9999999999998,601.246866359447,1.643599446384362E-19,4.2632564146459036E-13,12.468663594470046,294.63649769585254
0,400.0,999.9999999999998,601.246866359447,1.4682821721033635E-19,4.263256414636805E-13,12.468663594470048,294.63649769585254
0,400.0,999.9999999999998,601.246866359447,1.3116654070790048E-19,4.2632564146286764E-13,12.468663594470046,294.63649769585254
0,400.0,999.9999999999998,601.246866359447,1.171754430323911E-19,4.263256414621415E-13,12.468663594470048,294.63649769585254
0,400.0,999.9999999999998,601.246866359447,1.0467672910893605E-19,4.2632564146149283E-13,12.468663594470046,294.63649769585254
0,400.0,999.9999999999998,601.246866359447,9.351121133731621E-20,4.2632564146091334E-13,12.468663594470048,294.63649769585254
0,400.0,999.9999999999998,601.246866359447,8.353668212800248E-20,4.2632564146039564E-13,12.468663594470046,294.63649769585254
0,400.0,999.9999999999998,601.246866359447,7.462610270101555E-20,4.263256414599332E-13,12.468663594470048,294.63649769585254
0,400.0,999.9999999999998,601.246866359447,6.666598507957389E-20,4.2632564145952004E-13,12.468663594470046,294.63649769585254
0,400.0,999.9999999999998,601.246866359447,5.955494667108601E-20,4.26325641459151E-13,12.468663594470048,294.63649769585254
0,400.0,999.9999999999998,601.246866359447,5.320241902617017E-20,4.263256414588213E-13,12.468663594470046,294.63649769585254
0,400.0,999.9999999999998,601.246866359447,4.752749433004535E-20,4.2632564145852676E-13,12.468663594470048,294.63649769585254
0,400.0,999.9999999999998,601.246866359447,4.245789493484052E-20,4.2632564145826367E-13,12.468663594470046,294.63649769585254
0,400.0,999.9999999999998,601.246866359447,3.792905280845753E-20,4.263256414580286E-13,12.468663594470048,294.63649769585254
0,400.0,999.9999999999998,601.246866359447,3.3883287175555395E-20,4.2632564145781863E-13,12.468663594470046,294.63649769585254
0,400.0,999.9999999999998,601.246866359447,3.026906987682949E-20,4.2632564145763107E-13,12.468663594470048,294.63649769585254
0,400.0,999.9999999999998,601.246866359447,2.7040369089967676E-20,4.263256414574635E-13,12.468663594470046,294.63649769585254
0,400.0,999.9999999999998,601.246866359447,2.4156063053704458E-20,4.263256414573138E-13,12.468663594470048,294.63649769585254
0,400.0,999.9999999999998,601.246866359447,2.1579416327975982E-20,4.2632564145718007E-13,12.468663594470046,294.63649769585254
0,400.0,999.9999999999998,601.246866359447,1.9277611919658545E-20,4.263256414570606E-13,12.468663594470048,294.63649769585254
0,400.0,999.9999999999998,601.246866359447,1.7221333314894968E-20,4.263256414569539E-13,12.468663594470046,294.63649769585254
0,400.0,999.9999999999998,601.246866359447,1.5384391094639504E-20,4.2632564145685856E-13,12.468663594470048,294.63649769585254
0,400.0,999.9999999999998,601.246866359447,1.3743389377877958E-20,4.263256414567734E-13,12.468663594470046,294.63649769585254
0,400.0,999.9999999999998,601.246866359447,1.2277427844237643E-20,4.263256414566973E-13,12.468663594470048,294.63649769585254
0,400.0,999.9999999999998,601.246866359447,1.0967835540852294E-20,4.2632564145662935E-13,12.468663594470046,294.63649769585254
0,400.0,999.9999999999998,601.246866359447,9.797933083161383E-21,4.263256414565686E-13,12.468663594470048,294.63649769585254
0,400.0,999.9999999999998,601.246866359447,8.752820220957501E-21,4.263256414565144E-13,12.468663594470046,294.63649769585254
0,400.0,999.9999999999998,601.246866359447,7.819186064055368E-21,4.2632564145646593E-13,12.468663594470048,294.63649769585254
0,400.0,999.9999999999998,601.246866359447,6.98513955055613E-21,4.2632564145642266E-13,12.468663594470046,294.63649769585254
0,400.0,999.9999999999998,601.246866359447,6.240057998496809E-21,4.26325641456384E-13,12.468663594470048,294.63649769585254
0,400.0,999.9999999999998,601.246866359447,5.574451811990483E-21,4.2632564145634945E-13,12.468663594470046,294.63649769585254
0,400.0,999.9999999999998,601.246866359447,4.979843618711498E-21,4.263256414563186E-13,12.468663594470048,294.63649769585254
0,400.0,999.9999999999998,601.246866359447,4.448660299382271E-21,4.2632564145629104E-13,12.468663594470046,294.63649769585254
0,400.0,999.9999999999998,601.246866359447,3.974136534114829E-21,4.263256414562664E-13,12.468663594470048,294.63649769585254
0,400.0,999.9999999999998,601.246866359447,3.550228637142581E-21,4.263256414562444E-13,12.468663594470046,294.63649769585254
0,400.0,999.9999999999998,601.246866359447,3.1715375825140388E-21,4.2632564145622475E-13,12.468663594470048,294.63649769585254
0,400.0,999.9999999999998,601.246866359447,2.833240240379208E-21,4.263256414562072E-13,12.468663594470046,294.63649769585254
0,400.0,999.9999999999998,601.246866359447,2.5310279480720924E-21,4.263256414561915E-13,12.468663594470048,294.63649769585254
0,400.0,999.9999999999998,601.246866359447,2.2610516336110692E-21,4.2632564145617744E-13,12.468663594470046,294.63649769585254
0,400.0,999.9999999999998,601.246866359447,2.019872792692555E-21,4.263256414561649E-13,12.468663594470048,294.63649769585254
0,400.0,999.9999999999998,601.246866359447,1.8044196948053493E-21,4.2632564145615377E-13,12.468663594470046,294.63649769585254
0,400.0,999.9999999999998,601.246866359447,1.6119482606927786E-21,4.2632564145614377E-13,12.468663594470048,294.63649769585254
0,400.0,999.9999999999998,601.246866359447,1.4400071128855489E-21,4.2632564145613483E-13,12.468663594470046,294.63649769585254
0,400.0,999.9999999999998,601.246866359447,1.286406354177757E-21,4.2632564145612686E-13,12.468663594470048,294.63649769585254
0,400.0,999.9999999999998,601.246866359447,1.1491896763987963E-21,4.2632564145611974E-13,12.468663594470046,294.63649769585254
0,400.0,999.9999999999998,601.246866359447,1.0266094442495912E-21,4.263256414561134E-13,12.468663594470048,294.63649769585254
0,400.0,999.9999999999998,601.246866359447,9.171044368629681E-22,4.2632564145610767E-13,12.468663594470046,294.63649769585254
0,400.0,999.9999999999998,601.246866359447,8.192799635975848E-22,4.263256414561026E-13,12.468663594470048,294.63649769585254
0,400.0,999.9999999999998,601.246866359447,7.318901008138424E-22,4.263256414560981E-13,12.468663594470046,294.63649769585254
0,400.0,999.9999999999998,601.246866359447,6.538218233936992E-22,4.2632564145609404E-13,12.468663594470048,294.63649769585254
0,400.0,999.9999999999998,601.246866359447,5.840808288983713E-22,4.263256414560904E-13,12.468663594470046,294.63649769585254
0,400.0,999.9999999999998,601.246866359447,5.2177887381587835E-22,4.2632564145608717E-13,12.468663594470048,294.63649769585254
0,400.0,999.9999999999998,601.246866359447,4.6612246060885135E-22,4.263256414560843E-13,12.468663594470046,294.63649769585254
0,400.0,999.9999999999998,601.246866359447,4.1640273147724053E-22,4.263256414560817E-13,12.468663594470048,294.63649769585254
0,400.0,999.9999999999998,601.246866359447,3.719864401196682E-22,4.263256414560794E-13,12.468663594470046,294.63649769585254
0,400.0,999.9999999999998,601.246866359447,3.323078865069036E-22,4.2632564145607733E-13,12.468663594470048,294.63649769585254
0,400.0,999.9999999999998,601.246866359447,2.968617119461672E-22,4.263256414560755E-13,12.468663594470046,294.63649769585254
0,400.0,999.9999999999998,601.246866359447,2.651964626719094E-22,4.2632564145607384E-13,12.468663594470048,294.63649769585254
0,400.0,999.9999999999998,601.246866359447,2.369088399869057E-22,4.263256414560724E-13,12.468663594470046,294.63649769585254
0,400.0,999.9999999999998,601.246866359447,2.1163856372163577E-22,4.2632564145607107E-13,12.468663594470048,294.63649769585254
0,400.0,999.9999999999998,601.246866359447,1.8906378359132797E-22,4.263256414560699E-13,12.468663594470046,294.63649769585254
0,400.0,999.9999999999998,601.246866359447,1.68896980008253E-22,4.2632564145606885E-13,12.468663594470048,294.63649769585254
0,400.0,999.9999999999998,601.246866359447,1.50881302140706E-22,4.2632564145606794E-13,12.468663594470046,294.63649769585254
0,400.0,999.9999999999998,601.246866359447,1.3478729657903068E-22,4.263256414560671E-13,12.468663594470048,294.63649769585254
0,400.0,999.9999999999998,601.246866359447,1.2040998494393407E-22,4.263256414560663E-13,12.468663594470046,294.63649769585254
0,400.0,999.9999999999998,601.246866359447,1.075662532165811E-22,4.2632564145606567E-13,12.468663594470048,294.63649769585254
0,400.0,999.9999999999998,601.246866359447,9.609251954014578E-23,4.2632564145606506E-13,12.468663594470046,294.63649769585254
0,400.0,999.9999999999998,601.246866359447,8.58426507891969E-23,4.2632564145606455E-13,12.468663594470048,294.63649769585254
0,400.0,999.9999999999998,601.246866359447,7.668610137168256E-23,4.263256414560641E-13,12.468663594470046,294.63649769585254
0,400.0,999.9999999999998,601.246866359447,6.85062505587031E-23,4.263256414560637E-13,12.468663594470048,294.63649769585254
0,400.0,999.9999999999998,601.246866359447,6.119891716577477E-23,4.263256414560633E-13,12.468663594470046,294.63649769585254
0,400.0,999.9999999999998,601.246866359447,5.467103266809212E-23,4.2632564145606294E-13,12.468663594470048,294.63649769585254
0,400.0,999.9999999999998,601.246866359447,4.8839455850162293E-23,4.2632564145606264E-13,12.468663594470046,294.63649769585254
0,400.0,999.9999999999998,601.246866359447,4.362991389281165E-23,4.263256414560624E-13,12.468663594470048,294.63649769585254
0,400.0,999.9999999999998,601.246866359447,3.897605641091174E-23,4.2632564145606213E-13,12.468663594470046,294.63649769585254
0,400.0,999.9999999999998,601.246866359447,3.4818610393747816E-23,4.2632564145606193E-13,12.468663594470048,294.63649769585254
0,400.0,999.9999999999998,601.246866359447,3.1104625285081385E-23,4.2632564145606173E-13,12.468663594470046,294.63649769585254
0,400.0,999.9999999999998,601.246866359447,2.778679858800604E-23,4.263256414560616E-13,12.468663594470048,294.63649769585254
0,400.0,999.9999999999998,601.246866359447,2.4822873405285395E-23,4.263256414560614E-13,12.468663594470046,294.63649769585254
0,400.0,999.9999999999998,601.246866359447,2.2175100242054953E-23,4.2632564145606127E-13,12.468663594470048,294.63649769585254
0,400.0,999.9999999999998,601.246866359447,1.980975621623576E-23,4.2632564145606117E-13,12.468663594470046,294.63649769585254
0,400.0,999.9999999999998,601.246866359447,1.769671555317061E-23,4.2632564145606107E-13,12.468663594470048,294.63649769585254
0,400.0,999.9999999999998,601.246866359447,1.5809065894165745E-23,4.2632564145606097E-13,12.468663594470046,294.63649769585254
0,400.0,999.9999999999998,601.246866359447,1.4122765532121397E-23,4.2632564145606087E-13,12.468663594470048,294.63649769585254
0,400.0,999.9999999999998,601.246866359447,1.2616337208695114E-23,4.2632564145606077E-13,12.468663594470046,294.63649769585254
0,400.0,999.9999999999998,601.246866359447,1.1270594573100968E-23,4.263256414560607E-13,12.468663594470048,294.63649769585254
0,400.0,999.9999999999998,601.246866359447,1.0068397818636865E-23,4.2632564145606067E-13,12.468663594470046,294.63649769585254
0,400.0,999.9999999999998,601.246866359447,8.994435384648932E-24,4.263256414560606E-13,12.468663594470048,294.63649769585254
0,400.0,999.9999999999998,601.246866359447,8.035028943619712E-24,4.2632564145606057E-13,12.468663594470046,294.63649769585254
0,400.0,999.9999999999998,601.246866359447,7.17795918963361E-24,4.263256414560605E-13,12.468663594470048,294.63649769585254
0,400.0,999.9999999999998,601.246866359447,6.412310209406024E-24,4.2632564145606046E-13,12.468663594470046,294.63649769585254
0,400.0,999.9999999999998,601.246866359447,5.7283304537360486E-24,4.263256414560604E-13,12.468663594470048,294.63649769585254
0,400.0,999.9999999999998,601.246866359447,5.11730853867087E-24,4.2632564145606036E-13,12.468663594470046,294.63649769585254
0,400.0,999.9999999999998,601.246866359447,4.571462294545977E-24,4.263256414560603E-13,12.468663594470048,294.63649769585254
0,400.0,999.9999999999998,601.246866359447,4.083839649794406E-24,4.263256414560603E-13,12.468663594470046,294.63649769585254
0,400.0,999.9999999999998,601.246866359447,3.64823008714967E-24,4.263256414560603E-13,12.468663594470048,294.63649769585254
0,400.0,999.9999999999998,601.246866359447,3.2590855445203716E-24,4.263256414560603E-13,12.468663594470046,294.63649769585254
0,400.0,999.9999999999998,601.246866359447,2.9114497531048654E-24,4.263256414560603E-13,12.468663594470048,294.63649769585254
0,400.0,999.9999999999998,601.246866359447,2.6008951127736796E-24,4.263256414560603E-13,12.468663594470046,294.63649769585254
0,400.0,999.9999999999998,601.246866359447,2.323466300744487E-24,4.263256414560603E-13,12.468663594470048,294.63649769585254
0,400.0,999.9999999999998,601.246866359447,2.075629895331742E-24,4.263256414560603E-13,12.468663594470046,294.63649769585254
0,400.0,999.9999999999998,601.246866359447,1.8542293731630226E-24,4.263256414560603E-13,12.468663594470048,294.63649769585254
0,400.0,999.9999999999998,601.246866359447,1.6564449066923003E-24,4.263256414560603E-13,12.468663594470046,294.63649769585254
0,400.0,999.9999999999998,601.246866359447,1.479757449978455E-24,4.263256414560603E-13,12.468663594470048,294.63649769585254
0,400.0,999.9999999999998,601.246866359447,1.3219166553140866E-24,4.263256414560603E-13,12.468663594470046,294.63649769585254
0,400.0,999.9999999999998,601.246866359447,1.180912212080584E-24,4.263256414560603E-13,12.468663594470048,294.63649769585254
0,400.0,999.9999999999998,601.246866359447,1.0549482427919883E-24,4.263256414560603E-13,12.468663594470046,294.63649769585254
0,400.0,999.9999999999998,601.246866359447,9.424204302275095E-25,4.263256414560603E-13,12.468663594470048,294.63649769585254
0,400.0,999.9999999999998,601.246866359447,8.418955843365752E-25,4.263256414560603E-13,12.468663594470046,294.63649769585254
0,400.0,999.9999999999998,601.246866359447,7.520933886740072E-25,4.263256414560603E-13,12.468663594470048,294.63649769585254
0,400.0,999.9999999999998,601.246866359447,6.71870093882113E-25,4.263256414560603E-13,12.468663594470046,294.63649769585254
0,400.0,999.9999999999998,601.246866359447,6.002039505346876E-25,4.263256414560603E-13,12.468663594470048,294.63649769585254
0,400.0,999.9999999999998,601.246866359447,5.361821958109876E-25,4.263256414560603E-13,12.468663594470046,294.63649769585254
0,400.0,999.9999999999998,601.246866359447,4.789894282578157E-25,4.263256414560603E-13,12.468663594470048,294.63649769585254
0,400.0,999.9999999999998,601.246866359447,4.27897222576982E-25,4.263256414560603E-13,12.468663594470046,294.63649769585254
0,400.0,999.9999999999998,601.246866359447,3.822548521687706E-25,4.263256414560603E-13,12.468663594470048,294.63649769585254
0,400.0,999.9999999999998,601.246866359447,3.414810012707684E-25,4.263256414560603E-13,12.468663594470046,294.63649769585254
0,400.0,999.9999999999998,601.246866359447,3.0505636113521974E-25,4.263256414560603E-13,12.468663594470048,294.63649769585254
0,400.0,999.9999999999998,601.246866359447,2.7251701594746296E-25,4.263256414560603E-13,12.468663594470046,294.63649769585254
0,400.0,999.9999999999998,601.246866359447,2.4344853424640024E-25,4.263256414560603E-13,12.468663594470048,294.63649769585254
0,400.0,999.9999999999998,601.246866359447,2.174806905934509E-25,4.263256414560603E-13,12.468663594470046,294.63649769585254
0,400.0,999.9999999999998,601.246866359447,1.942827502634828E-25,4.263256414560603E-13,12.468663594470048,294.63649769585254
0,400.0,999.9999999999998,601.246866359447,1.7355925690204462E-25,4.263256414560603E-13,12.468663594470046,294.63649769585254
0,400.0,999.9999999999998,601.246866359447,1.5504626949915987E-25,4.263256414560603E-13,12.468663594470048,294.63649769585254
0,400.0,999.9999999999998,601.246866359447,1.3850800075258282E-25,4.263256414560603E-13,12.468663594470046,294.63649769585254
0,400.0,999.9999999999998,601.246866359447,1.2373381400564066E-25,4.263256414560603E-13,12.468663594470048,294.63649769585254
0,400.0,999.9999999999998,601.246866359447,1.1053554051170566E-25,4.263256414560603E-13,12.468663594470046,294.63649769585254
0,400.0,999.9999999999998,601.246866359447,9.874508285712373E-26,4.263256414560603E-13,12.468663594470048,294.63649769585254
0,400.0,999.9999999999998,601.246866359447,8.821227401903053E-26,4.263256414560603E-13,12.468663594470046,294.63649769585254
0,400.0,999.9999999999998,601.246866359447,7.880296479033394E-26,4.263256414560603E-13,12.468663594470048,294.63649769585254
0,400.0,999.9999999999998,601.246866359447,7.039731521269831E-26,4.263256414560603E-13,12.468663594470046,294.63649769585254
0,400.0,999.9999999999998,601.246866359447,6.288826825667716E-26,4.263256414560603E-13,12.468663594470048,294.63649769585254
0,400.0,999.9999999999998,601.246866359447,5.618018630929826E-26,4.263256414560603E-13,12.468663594470046,294.63649769585254
0,400.0,999.9999999999998,601.246866359447,5.0187633102973107E-26,4.263256414560603E-13,12.468663594470048,294.63649769585254
0,400.0,999.9999999999998,601.246866359447,4.4834285571989307E-26,4.263256414560603E-13,12.468663594470046,294.63649769585254
0,400.0,999.9999999999998,601.246866359447,4.005196177764378E-26,4.263256414560603E-13,12.468663594470048,294.63649769585254
0,400.0,999.9999999999998,601.246866359447,3.577975252136178E-26,4.263256414560603E-13,12.468663594470046,294.63649769585254
                                                                                                                                                                                                                                                                                                                                                                                                                                                                                                                                                                                                                                                                                                                                                                                                                                                                                                                                                                                                                                                                                                                                                                                                                                                                                                                                                                                                                                                                                                                                                                                                                                                                                                                                                                                                                                                                                                                                                                                                                                                                                                                                                                                                                                                                                                                                                                                                                                                                                                                                                                                                                                                                                                                                                                                                                                                                                                                                                                                                                                                                                                                                                                                                                                                                                                                                                                                                                                                                                                                                                                                                                                                                                                                                                                                                                                                                                                                                                                                                                                                                                                                                                                                                                                                                                                                                                                                                                                                                                                                                                                                                                                                                                                                                                                                                                                                                                                                                                                                                                                                                                                                                                                                                                                                                                                                                                                                                                                                                                                                                                                                                                                                                                                                                                                                                                                                                                                                                                                                                                                                                                                                                                                                                                                                                                                                                                                                                                                                                                                                                                                                                                                                                                                                                                                                                                                                                                                                                                                                                                                                                                                                                                                                                                                                                                                                                                                                                                                                                                                                                                                                                                                                                                                                                                                                                                                                                                                                                                                                                                                                                                                                                                                                                                                                                                                                                                                                                                                                                                                                                                                                                                                                                                                                                                                                                                                                                                                                                                                                                                                                                                                                                                                                                                                                                                                                                                                                                                                                                                                                                                                                                                                                                                                                                                                                                                                                                                                                                                                                                                                                                                                                                                                                                                                                                                                                                                                                                                                                                                                                                                                                                                                                                                                                                                                                                                                                                                                                                                                                                                                                                                                                                                                                                                                                                                                                                                                                                                                                                                                                                                                                                                                                                                                                                                                                                                                                                                                                                                                                                                                                                                                                                                                                                                                                                                                                                                                                                                                                                                                                                                                                                                                                                                                                                                                                                                                                                                                                                                                                                                                                                                                                                                                                                                                                                                                                                                                                                                                                                                                                                                                                                                                                                                                                                                                                                                                                                                                                                                                                                                                                                                                                                                                                                                                                                                                                                                                                                                                                                                                                                                                                                                                                                                                                                                                                                                                                                                                                                                                                                                                                                                                                                                                                                                                                                                                                                                                                                                                                                                                                                                                                                                                                                                                                                                                                                                                                                                                                                                                                                                                                                                                                                                                                                                                                                                                                                                                                                                                                                                                                                                                                                                                                                                                                                                                                                                                                                                                                                                                                                                                                                                                                                                                                                                                                                                                                                                                                                                                                                                                                                                                                                                                                                                                                                                                                                                                                                                                                                                                                                                                                                                                                                                                                                                                                                                                                                                                                                                                                                                                                                                                                                                                                                                                                                                                                                                                                                                                                                                                                                                                                                                                                                                                                                                                                                                                                                                                                                                                                                                                                                                                                                                                                                                                                                                                                                                                                                                                                                                                                                                                                                                                                                                                                                                                                                                                                                                                                                                                                                                                                                                                                                                                                                                                                                                                                                                                                                                                                                                                                                                                                                                                                                                                                                                                                                                                                                                                                                                                                                                                                                                                                                                                                                                                                                                                                                                                                                                                                                                                                                                                                                                                                                                                                                                                                                                                                                                                                                                                                                                                                                                                                                                                                                                                                                                                                                                                                                                                                                                                                                                                                                                                                                                                                                                                                                                                                                                                                                                                                                                                                                                                                                                                                                                                                                                                                                                                                                                                                                                                                                                                                                                                                                                                                                                                                                                                                                                                                                                                                                                                                                                                                                                                                                                                                                                                                                                                                                                                                                                                                                                                                                                                                                                                                                                                                                                                                                                                                                                                                                                                                                                                                                                                                                                                                                                                                                                                                                                                                                                                                                                                                                                                                                                                                                                                                                                                                                                                                                                                                                                                                                                                                                                                                                                                                                                                                                                                                                                                                                                                                                                                                                                                                                                                                                                                                                                                                                                                                                                                                                                                                                                                                                                                                                                                                                                                                                                                                                                                                                                                                                                                                                                                                                                                                                                                                                                                                                                                                                                                                                                                                                                                                                                                                                                                                                                                                                                                                                                                                                                                                                                                                                                                                                                                                                                                                                                                                                                                                                                                                                                                                                                                                                                                                                                                                                                                                                                                                                                                                                                                                                                                                                                                                                                                                                                                                                                                                                                                                                                                                                                                                                                                                                                                                                                                                                                                                                                                                                                                                                                                                                                                                                                                                                                                                                                                                                                                                                                                                                                                                                                                                                                                                                                                                                                                                                                                                                                                                                                                                                                                                                                                                                                                                                                                                                                                                                                                                                                                                                                                                                                                                                                                                                                                                                                                                                                                                                                                                                                                                                                                                                                                                                                                                                                                                                                                                                                                                                                                                                                                                                                                                                                                                                                                                                                                                                                                                                                                                                                                                                                                                                                                                                                                                                                                                                                                                                                                                                                                                                                                                                                                                                                                                                                                                                                                                                                                                                                                                                                                                                                                                                                                                                                                                                                                                                                                                                                                                                                                                                                                                                                                                                                                                                                                                                                                                                                                                                                                                                                                                                                                                                                                                                                                                                                                                                                                                                                                                                                                                                                                                                                                                                                                                                                                                                                                                                                                                                                                                                                                                                                                                                                                                                                                                                                                                                                                                                                                                                                                                                                                                                                                                                                                                                                                                                                                                                                                                                                                                                                                                                                                                                                                                                                                                                                                                                                                                                                                                                                                                                                                                                                                                                                                                                                                                                                                                                                                                                                                                                                                                                                                                                                                                                                                                                                                                                                                                                                                                                                                                                                                                                                                                                                                                                                                                                                                                                                                                                                                                                                                                                                                                                                                                                                                                                                                                                                                                                                                                                                                                                                                                                                                                                                                                                                                                                                                                                                                                                                                                                                                                                                                                                                                                                                                                                                                                                                                                                                                                                                                                                                                                                                                                                                                                                                                                                                                                                                                                                                                                                                                                                                                                                                                                                                                                                                                                                                                                                                                                                                                                                                                                                                                                                                                                                                                                                                                                                                                                                                                                                                                                                                                                                                                                                                                                                                                                                                                                                                                                                                                                                                                                                                                                                                                                                                                                                                                                                                                                                                                                                                                                                                                                                                                                                                                                                                                                                                                                                                                                                                                                                                                                                                                                                                                                                                                                                                                                                                                                                                                                                                                                                                                                                                                                                                                                                                                                                                                                                                                                                                                                                                                                                                                                                                                                                                                                                                                                                                                                                                                                                                                                                                                                                                                                                                                                                                                                                                                                                                                                                                                                                                                                                                                                                                                                                                                                                                                                                                                                                                                                                                                                                                                                                                                                                                                                                                                                                                                                                                                                                                                                                                                                                                                                                                                                                                                                                                                                                                                                                                                                                                                                                                                                                                                                                                                                                                                                                                                                                                                                                                                                                                                                                                                                                                                                                                                                                                                                                                                                                                                                                                                                                                                                                                                                                                                                                                                                                                                                                                                                                                                                                                                                                                                                                                                                                                                                                                                                                                                                                                                                                                                                                                                                                                                                                                                                                                                                                                                                                                                                                                                                                                                                                                                                                                                                                                                                                                                                                                                                                                                                                                                                                                                                                                                                                                                                                                                                                                                                                                                                                                                                                                                                                                                                                                                                                                                                                                                                                                                                                                                                                                                                                                                                                                                                                                                                                                                                                                                                                                                                                                                                                                                                                                                                                                                                                                                                                                                                                                                                                                                                                                                                                                                                                                                                                                                                                                                                                                                                                                                                                                                                                                                                                                                                                                                                                                                                                                                                                                                                                                                                                                                                                                                                                                                                                                                                                                                                                                                                                                                                                                                                                                                                                                                                                                                                                                                                                                                                                                                                                                                                                                                                                                                                                                                                                                                                                                                                                                                                                                                                                                                                                                                                                                                                                                                                                                                                                                                                                                                                                                                                                                                                                                                                                                                                                                                                                                                                                                                                                                                                                                                                                                                                                                                                                                                                                                                                                                                                                                                                                                                                                                                                                                                                                                                                                                                                                                                                                                                                                                                                                                                                                                                                                                                                                                                                                                                                                                                                                                                                                                                                                                                                                                                                                                                                                                                                                                                                                                                                                                                                                                                                                                                                                                                                                                                                                                                                                                                                                                                                                                                                                                                                                                                                                                                                                                                                                                                                                                                                                                                                                                                                                                                                                                                                                                                                                                                                                                                                                                                                                                                                                                                                                                                                                                                                                                                                                                                                                                                                                                                                                                                                                                                                                                                                                                                                                                                                                                                                                                                                                                                                                                                                                                                                                                                                                                                                                                                                                                                                                                                                                                                                                                                                                                                                                                                                                                                                                                                                                                                                                                                                                                                                                                                                                                                                                                                                                                                                                                                                                                                                                                                                                                                                                                                                                                                                                                                                                                                                                                                                                                                                                                                                                                                                                                                                                                                                                                                                                                                                                                                                                                                                                                                                                                                                                                                                                                                                                                                                                                                                                                                                                                                                                                                                                                                                                                                                                                                                                                                                                                                                                                                                                                                                                                                                                                                                                                                                                                                                                                                                                                                                                                                                                                                                                                                                                                                                                                                                                                                                                                                                                                                                                                                                                                                                                                                                                                                                                                                                                                                                                                                                                                                                                                                                                                                                                                                                                                                                                                                                                                                                                                                                                                                                                                                                                                                                                                                                                                                                                                                                                                                                                                                                                                                                                                                                                                                                                                                                                                                                                                                                                                                                                                                                                                                                                                                                                                                                                                                                                                                                                                                                                                                                                                                                                                                                                                                                                                                                                                                                                                                                                                                                                                                                                                                                                                                                                                                                                                                                                                                                                                                                                                                                                                                                                                                                                                                                                                                                                                                                                                                                                                                                                                                                                                                                                                                                                                                                                                                                                                                                                                                                                                                                                                                                                                                                                                                                                                                                                                                                                                                                                                                                                                                                                                                                                                                                                                                                                                                                                                                                                                                                                                                                                                                                                                                                                                                                                                                                                                                                                                                                                                                                                                                                                                                                                                                                                                                                                                                                                                                                                                                                                                                                                                                                                                                                                                                                                                                                                                                                                                                                                                                                                                                                                                                                                                                                                                                                                                                                                                                                                                                                                                                                                                                                                                                                                                                                                                                                                                                                                                                                                                                                                                                                                                                                                                                                                                                                                                                                                                                                                                                                                                                                                                                                                                                                                                                                                                                                                                                                                                                                                                                                                                                                                                                                                                                                                                                                                                                                                                                                                                                                                                                                                                                                                                                                                                                                                                                                                                                                                                                                                                                                                                                                                                                                                                                                                                                                                                                                                                                                                                                                                                                                                                                                                                                                                                                                                                                                                                                                                                                                                                                                                                                                                                                                                                                                                                                                                                                                                                                                                                                                                                                                                                                                                                                                                                                                                                                                                                                                                                                                                                                                                                                                                                                                                                                                                                                                                                                                                                                                                                                                                                                                                                                                                                                                                                                                                                                                                                                                                                                                                                                                                                                                                                                                                                                                                                                                                                                                                                                                                                                                                                                                                                                                                                                                                                                                                                                                                                                                                                                                                                                                                                                                                                                                                                                                                                                                                                                                                                                                                                                                                                                                                                                                                                                                                                                                                                                                                                                                                                                                                                                                                                                                                                                                                                                                                                                                                                                                                                                                                                                                                                                                                                                                                                                                                                                                                                                                                                                                                                                                                                                                                                                                                                                                                                                                                                                                                                                                                                                                                                                                                                                                                                                                                                                                                                                                                                                                                                                                                                                                                                                                                                                                                                                                                                                                                                                                                                                                                                                                                                                                                                                                                                                                                                                                                                                                                                                                                                                                                                                                                                                                                                                                                                                                                                                                                                                                                                                                                                                                                                                                                                                                                                                                                                                                                                                                                                                                                                                                                                                                                                                                                                                                                                                                                                                                                                                                                                                                                                                                                                                                                                                                                                                                                                                                                                                                                                                                                                                                                                                                                                                                                                                                                                                                                                                                                                                                                                                                                                                                                                                                                                                                                                                                                                                                                                                                                                                                                                                                                                                                                                                                                                                                                                                                                                                                                                                                                                                                                                                                                                                                                                                                                                                                                                                                                                                                                                                                                                                                                                                                                                                                                                                                                                                                                                                                                                                                                                                                                                                                                                                                                                                                                                                                                                                                                                                                                                                                                                                                                                                                                                                                                                                                                                                                                                                                                                                                                                                                                                                                                                                                                                                                                                                                                                                                                                                                                                                                                                                                                                                                                                                                                                                                                                                                                                                                                                                                                                                                                                                                                                                                                                                                                                                                                                                                                                                                                                                                                                                                                                                                                                                                                                                                                                                                                                                                                                                                                                                                                                                                                                                                                                                                                                                                                                                                                                                                                                                                                                                                                                                                                                                                                                                                                                                                                                                                                                                                                                                                                                                                                                                                                                                                                                                                                                                                                                                                                                                                                                                                                                                                                                                                                                                                                                                                                                                                                                                                                                                                                                                                                                                                                                                                                                                                                                                                                                                                                                                                                                                                                                                                                                                                                                                                                                                                                                                                                                                                                                                                                                                                                                                                                                                                                                                                                                                                                                                                                                                                                                                                                                                                                                                                                                                                                                                                                                                                                                                                                                                                                                                                                                                                                                                                                                                                                                                                                                                                                                                                                                                                                                                                                                                                                                                                                                                                                                                                                                                                                                                                                                                                                                                                                                                                                                                                                                                                                                                                                                                                                                                                                                                                                                                                                                                                                                                                                                                                                                                                                                                                                                                                                                                                                                                                                                                                                                                                                                                                                                                                                                                                                                                                                                                                                                                                                                                                                                                                                                                                                                                                                                                                                                                                                                                                                                                                                                                                                                                                                                                                                                                                                                                                                                                                                                                                                                                                                                                                                                                                                                                                                                                                                                                                                                                                                                                                                                                                                                                                                                                                                                                                                                                                                                                                                                                                                                                                                                                                                                                                                                                                                                                                                                                                                                                                                                                                                                                                                                                                                                                                                                                                                                                                                                                                                                                                                                                                                                                                                                                                                                                                                                                                                                                                                                                                                                                                                                                                                                                                                                                                                                                                                                                                                                                                                                                                                                                                                                                                                                                                                                                                                                                                                                                                                                                                                                                                                                                                                                                                                                                                                                                                                                                                                                                                                                                                                                                                                                                                                                                                                                                                                                                                                                                                                                                                                                                                                                                                                                                                                                                                                                                                                                                                                                                                                                                                                                                                                                                                                                                                                                                                                                                                                                                                                                                                                                                                                                                                                                                                                                                                                                                                                                                                                                                                                                                                                                                                                                                                                                                                                                                                                                                                                                                                                                                                                                                                                                                                                                                                                                                                                                                                                                                                                                                                                                                                                                                                                                                                                                                                                                                                                                                                                                                                                                                                                                                                                                                                                                                                                                                                                                                                                                                                                                                                                                                                                                                                                                                                                                                                                                                                                                                                                                                                                                                                                                                                                                                                                                                                                                                                                                                                                                                                                                                                                                                                                                                                                                                                                                                                                                                                                                                                                                                                                                                                                                                                                                                                                                                                                                                                                                                                                                                                                                                                                                                                                                                                                                                                                                                                                                                                                                                                                                                                                                                                                                                                                                                                                                                                                                                                                                                                                                                                                                                                                                                                                                                                                                                                                                                                                                                                                                                                                                                                                                                                                                                                                                                                                                                                                                                                                                                                                                                                                                                                                                                                                                                                                                                                                                                                                                                                                                                                                                                                                                                                                                                                                                                                                                                                                                                                                                                                                                                                                                                                                                                                                                                                                                                                                                                                                                                                                                                                                                                                                                                                                                                                                                                                                                                                                                                                                                                                                                                                                                                                                                                                                                                                                                                                                                                                                                                                                                                                                                                                                                                                                                                                                                                                                                                                                                                                                                                                                                                                                                                                                                                                                                                                                                                                                                                                                                                                                                                                                                                                                                                                                                                                                                                                                                                                                                                                                                                                                                                                                                                                                                                                                                                                                                                                                                                                                                                                                                                                                                                                                                                                                                                                                                                                                                                                                                                                                                                                                                                                                                                                                                                                                                                                                                                                                                                                                                                                                                                                                                                                                                                                                                                                                                                                                                                                                                                                                                                                                                                                                                                                                                                                                                                                                                                                                                                                                                                                                                                                                                                                                                                                                                                                                                                                                                                                                                                                                                                                                                                                                                                                                                                                                                                                                                                                                                                                                                                                                                                                                                                                                                                                                                                                                                                                                                                                                                                                                                                                                                                                                                                                                                                                                                                                                                                                                                                                                                                                                                                                                                                                                                                                                                                                                                                                                                                                                                                                                                                                                                                                                                                                                                                                                                                                                                                                                                                                                                                                                                                                                                                                                                                                                                                                                                                                                                                                                                                                                                                                                                                                                                                                                                                                                                                                                                                                                                                                                                                                                                                                                                                                                                                                                                                                                                                                                                                                                                                                                                                                                                                                                                                                                                                                                                                                                                                                                                                                                                                                                                                                                                                                                                                                                                                                                                                                                                                                                                                                                                                                                                                                                                                                                                                                                                                                                                                                                                                                                                                                                                                                                                                                                                                                                                                                                                                                                                                                                                                                                                                                                                                                                                                                                                                                                                                                                                                                                                                                                                                                                                                                                                                                                                                                                                                                                                                                                                                                                                                                                                                                                                                                                                                                                                                                                                                                                                                                                                                                                                                                                                                                                                                                                                                                                                                                                                                                                                                                                                                                                                                                                                                                                                                                                                                                                                                                                                                                                                                                                                                                                                                                                                                                                                                                                                                                                                                                                                                                                                                                                                                                                                                                                                                                                                                                                                                                                                                                                                                                                                                                                                                                                                                                                                                                                                                                                                                                                                                                                                                                                                                                                                                                                                                                                                                                                                                                                                                                                                                                                                                                                                                                                                                                                                                                                                                                                                                                                                                                                                                                                                                                                                                                                                                                                                                                                                                                                                                                                                                                                                                                                                                                                                                                                                                                                                                                                                                                                                                                                                                                                                                                                                                                                                                                                                                                                                                                                                                                                                                                                                                                                                                                                                                                                                                                                                                                                                                                                                                                                                                                                                                                                                                                                                                                                                                                                                                                                                                                                                                                                                                                                                                                                                                                                                                                                                                                                                                                                                                                                                                                                                                                                                                                                                                                                                                                                                                                                                                                                                                                                                                                                                                                                                                                                                                                                                                                                                                                                                                                                                                                                                                                                                                                                                                                                                                                                                                                                                                                                                                                                                                                                                                                                                                                                                                                                                                                                                                                                                                                                                                                                                                                                                                                                                                                                                                                                                                                                                                                                                                                                                                                                                                                                                                                                                                                                                                                                                                                                                                                                                                                                                                                                                                                                                                                                                                                                                                                                                                                                                                                                                                                                                                                                                                                                                                                                                                                                                                                                                                                                                                                                                                                                                                                                                                                                                                                                                                                                                                                                                                                                                                                                                                                                                                                                                                                                                                                                                                                                                                                                                                                                                                                                                                                                                                                                                                                                                                                                                                                                                                                                                                                                                                                                                                                                                                                                                                                                                                                                                                                                                                                                                                                                                                                                                                                                                                                                                                                                                                                                                                                                                                                                                                                                                                                                                                                                                                                                                                                                                                                                                                                                                                                                                                                                                                                                                                                                                                                                                                                                                                                                                                                                                                                                                                                                                                                                                                                                                                                                                                                                                                                                                                                                                                                                                                                                                                                                                                                                                                                                                                                                                                                                                                                                                                                                                                                                                                                                                                                                                                                                                                                                                                                                                                                                                                                                                                                                                                                                                                                                                                                                                                                                                                                                                                                                                                                                                                                                                                                                                                                                                                                                                                                                                                                                                                                                                                                                                                                                                                                                                                                                                                                                                                                                                                                                                                                                                                                                                                                                                                                                                                                                                                                                                                                                                                                                                                                                                                                                                                                                                                                                                                                                                                                                                                                                                                                                                                                                                                                                                                                                                                                                                                                                                                                                                                                                                                                                                                                                                                                                                                                                                                                                                                                                                                                                                                                                                                                                                                                                                                                                                                                                                                                                                                                                                                                                                                                                                                                                                                                                                                                                                                                                                                                                                                                                                                                                                                                                                                                                                                                                                                                                                                                                                                                                                                                                                                                                                                                                                                                                                                                                                                                                                                                                                                                                                                                                                                                                                                                                                                                                                                                                                                                                                                                                                                                                                                                                                                                                                                                                                                                                                                                                                                                                                                                                                                                                                                                                                                                                                                                                                                                                                                                                                                                                                                                                                                                                                                                                                                                                                                                                                                                                                                                                                                                                                                                                                                                                                                                                                                                                                                                                                                                                                                                                                                                                                                                                                                                                                                                                                                                                                                                                                                                                                                                                                                                                                                                                                                                                                                                                                                                                                                                                                                                                                                                                                                                                                                                                                                                                                                                                                                                                                                                                                                                                                                                                                                                                                                                                                                                                                                                                                                                                                                                                                                                                                                                                                                                                                                                                                                                                                                                                                                                                                                                                                                                                                                                                                                                                                                                                                                                                                                                                                                                                                                                                                                                                                                                                                                                                                                                                                                                                                                                                                                                                                                                                                                                                                                                                                                                                                                                                                                                                                                                                                                                                                                                                                                                                                                                                                                                                                                                                                                                                                                                                                                                                                                                                                                                                                                                                                                                                                                                                                                                                                                                                                                                                                                                                                                                                                                                                                                                                                                                                                                                                                                                                                                                                                                                                                                                                                                                                                                                                                                                                                                                                                                                                                                                                                                                                                                                                                                                                                                                                                                                                                                                                                                                                                                                                                                                                                                                                                                                                                                                                                                                                                                                                                                                                                                                                                                                                                                                                                                                                                                                                                                                                                                                                                                                                                                                                                                                                                                                                                                                                                                                                                                                                                                                                                                                                                                                                                                                                                                                                                                                                                                                                                                                                                                                                                                                                                                                                                                                                                                                                                                                                                                                                                                                                                                                                                                                                                                                                                                                                                                                                                                                                                                                                                                                                                                                                                                                                                                                                                                                                                                                                                                                                                                                                                                                                                                                                                                                                                                                                                                                                                                                                                                                                                                                                                                                                                                                                                                                                                                                                                                                                                                                                                                                                                                                                                                                                                                                                                                                                                                                                                                                                                                                                                                                                                                                                                                                                                                                                                                                                                                                                                                                                                                                                                                                                                                                                                                                                                                                                                                                                                                                                                                                                                                                                                                                                                                                                                                                                                                                                                                                                                                                                                                                                                                                                                                                                                                                                                                                                                                                                                                                                                                                                                                                                                                                                                                                                                                                                                                                                                                                                                                                                                                                                                                                                                                                                                                                                                                                                                                                                                                                                                                                                                                                                                                                                                                                                                                                                                                                                                                                                                                                                                                                                                                                                                                                                                                                                                                                                                                                                                                                                                                                                                                                                                                                                                                                                                                                                                                                                                                                                                                                                                                                                                                                                                                                                                                                                                                                                                                                                                                                                                                                                                                                                                                                                                                                                                                                                                                                                                                                                                                                                                                                                                                                                                                                                                                                                                                                                                                                                                                                                                                                                                                                                                                                                                                                                                                                                                                                                                                                                                                                                                                                                                                                                                                                                                                                                                                                                                                                                                                                                                                                                                                                                                                                                                                                                                                                                                                                                                                                                                                                                                                                                                                                                                                                                                                                                                                                                                                                                                                                                                                                                                                                                                                                                                                                                                                                                                                                                                                                                                                                                                                                                                                                                                                                                                                                                                                                                                                                                                                                                                                                                                                                                                                                                                                                                                                                                                                                                                                                                                                                                                                                                                                                                                                                                                                                                                                                                                                                                                                                                                                                                                                                                                                                                                                                                                                                                                                                                                                                                                                                                                                                                                                                                                                                                                                                                                                                                                                                                                                                                                                                                                                                                                                                                                                                                                                                                                                                                                                                                                                                                                                                                                                                                                                                                                                                                                                                                                                                                                                                                                                                                                                                                                                                                                                                                                                                                                                                                                                                                                                                                                                                                                                                                                                                                                                                                                                                                                                                                                                                                                                                                                                                                                                                                                                                                                                                                                                                                                                                                                                                                                                                                                                                                                                                                                                                                                                                                                                                                                                                                                                                                                                                                                                                                                                                                                                                                                                                                                                                                                                                                                                                                                                                                                                                                                                                                                                                                                                                                                                                                                                                                                                                                                                                                                                                                                                                                                                                                                                                                                                                                                                                                                                                                                                                                                                                                                                                                                                                                                                                                                                                                                                                                                                                                                                                                                                                                                                                                                                                                                                                                                                                                                                                                                                                                                                                                                                                                                                                                                                                                                                                                                                                                                                                                                                                                                                                                                                                                                                                                                                                                                                                                                                                                                                                                                                                                                                                                                                                                                                                                                                                                                                                                                                                                                                                                                                                                                                                                                                                                                                                                                                                                                                                                                                                                                                                                                                                                                                                                                                                                                                                                                                                                                                                                                                                                                                                                                                                                                                                                                                                                                                                                                                                                                                                                                                                                                                                                                                                                                                                                                                                                                                                                                                                                                                                                                                                                                                                                                                                                                                                                                                                                                                                                                                                                                                                                                                                                                                                                                                                                                                                                                                                                                                                                                                                                                                                                                                                                                                                                                                                                                                                                                                                                                                                                                                                                                                                                                                                                                                                                                                                                                                                                                                                                                                                                                                                                                                                                                                                                                                                                                                                                                                                                                                                                                                                                                                                                                                                                                                                                                                                                                                                                                                                                                                                                                                                                                                                                                                                                                                                                                                                                                                                                                                                                                                                                                                                                                                                                                                                                                                                                                                                                                                                                                                                                                                                                                                                                                                                                                                                                                                                                                                                                                                                                                                                                                                                                                                                                                                                                                                                                                                                                                                                                                                                                                                                                                                                                                                                                                                                                                                                                                                                                                                                                                                                                                                                                                                                                                                                                                                                                                                                                                                                                                                                                                                                                                                                                                                                                                                                                                                                                                                                                                                                                                                                                                                                                                                                                                                                                                                                                                                                                                                                                                                                                                                                                                                                                                                                                                                                                                                                                                                                                                                                                                                                                                                                                                                                                                                                                                                                                                                                                                                                                                                                                                                                                                                                                                                                                                                                                                                                                                                                                                                                                                                                                                                                                                                                                                                                                                                                                                                                                                                                                                                                                                                                                                                                                                                                                                                                                                                                                                                                                                                                                                                                                                                                                                                                                                                                                                                                                                                                                                                                                                                                                                                                                                                                                                                                                                                                                                                                                                                                                                                                                                                                                                                                                                                                                                                                                                                                                                                                                                                                                                                                                                                                                                                                                                                                                                                                                                                                                                                                                                                                                                                                                                                                                                                                                                                                                                                                                                                                                                                                                                                                                                                                                                                                                                                                                                                                                                                                                                                                                                                                                                                                                                                                                                                                                                                                                                                                                                                                                                                                                                                                                                                                                                                                                                                                                                                                                                                                                                                                                                                                                                                                                                                                                                                                                                                                                                                                                                                                                                                                                                                                                                                                                                                                                                                                                                                                                                                                                                                                                                                                                                                                                                                                                                                                                                                                                                                                                                                                                                                                                                                                                                                                                                                                                                                                                                                                                                                                                                                                                                                                                                                                                                                                                                                                                                                                                                                                                                                                                                                                                                                                                                                                                                                                                                                                                                                                                                                                                                                                                                                                                                                                                                                                                                                                                                                                                                                                                                                                                                                                                                                                                                                                                                                                                                                                                                                                                                                                                                                                                                                                                                                                                                                                                                                                                                                                                                                                                                                                                                                                                                                                                                                                                                                                                                                                                                                                                                                                                                                                                                                                                                                                                                                                                                                                                                                                                                                                                                                                                                                                                                                                                                                                                                                                                                                                                                                                                                                                                                                                                                                                                                                                                                                                                                                                                                                                                                                                                                                                                                                                                                                                                                                                                                                                                                                                                                                                                                                                                                                                                                                                                                                                                                                                                                                                                                                                                                                                                                                                                                                                                                                                                                                                                                                                                                                                                                                                                                                                                                                                                                                                                                                                                                                                                                                                                                                                                                                                                                                                                                                                                                                                                                                                                                                                                                                                                                                                                                                                                                                                                                                                                                                                                                                                                                                                                                                                                                                                                                                                                                                                                                                                                                                                                                                                                                                                                                                                                                                                                                                                                                                                                                                                                                                                                                                                                                                                                                                                                                                                                                                                                                                                                                                                                                                                                                                                                                                                                                                                                                                                                                                                                                                                                                                                                                                                                                                                                                                                                                                                                                                                                                                                                                                                                                                                                                                                                                                                                                                                                                                                                                                                                                                                                                                                                                                                                                                                                                                                                                                                                                                                                                                                                                                                                                                                                                                                                                                                                                                                                                                                                                                                                                                                                                                                                                                                                                                                                                                                                                                                                                                                                                                                                                                                                                                                                                                                                                                                                                                                                                                                                                                                                                                                                                                                                                                                                                                                                                                                                                                                                                                                                                                                                                                                                                                                                                                                                                                                                                                                                                                                                                                                                                                                                                                                                                                                                                                                                                                                                                                                                                                                                                                                                                                                                                                                                                                                                                                                                                                                                                                                                                                                                                                                                                                                                                                                                                                                                                                                                                                                                                                                                                                                                                                                                                                                                                                                                                                                                                                                                                                                                                                                                                                                                                                                                                                                                                                                                                    99986,704.147465437788,190.19,2.6645352591003744E-14,41.47465437788018,2.042077645550226E-15,14.715
0,39.999999999999986,704.147465437788,190.19,2.6645352591003744E-14,41.474654377880185,2.0284637945798913E-15,14.715
0,39.999999999999986,704.147465437788,190.19,2.6645352591003744E-14,41.47465437788018,2.0149407026160255E-15,14.715
0,39.999999999999986,704.147465437788,190.19,2.6645352591003744E-14,41.474654377880185,2.0015077645985854E-15,14.715
0,39.999999999999986,704.147465437788,190.19,2.6645352591003744E-14,41.47465437788018,1.9881643795012616E-15,14.715
0,39.999999999999986,704.147465437788,190.19,2.6645352591003744E-14,41.474654377880185,1.9749099503045867E-15,14.715
0,39.999999999999986,704.147465437788,190.19,2.6645352591003744E-14,41.47465437788018,1.961743883969223E-15,14.715
0,39.999999999999986,704.147465437788,190.19,2.6645352591003744E-14,41.474654377880185,1.948665591409428E-15,14.715
0,39.999999999999986,704.147465437788,190.19,2.6645352591003744E-14,41.47465437788018,1.9356744874666984E-15,14.715
0,39.999999999999986,704.147465437788,190.19,2.6645352591003744E-14,41.474654377880185,1.9227699908835872E-15,14.715
0,39.999999999999986,704.147465437788,190.19,2.6645352591003744E-14,41.47465437788018,1.9099515242776968E-15,14.715
0,39.999999999999986,704.147465437788,190.19,2.6645352591003744E-14,41.474654377880185,1.8972185141158454E-15,14.715
0,39.999999999999986,704.147465437788,190.19,2.6645352591003744E-14,41.47465437788018,1.8845703906884067E-15,14.715
0,39.999999999999986,704.147465437788,190.19,2.6645352591003744E-14,41.474654377880185,1.8720065880838175E-15,14.715
0,39.999999999999986,704.147465437788,190.19,2.6645352591003744E-14,41.47465437788018,1.8595265441632587E-15,14.715
0,39.999999999999986,704.147465437788,190.19,2.6645352591003744E-14,41.474654377880185,1.8471297005355038E-15,14.715
0,39.999999999999986,704.147465437788,190.19,2.6645352591003744E-14,41.47465437788018,1.8348155025319336E-15,14.715
0,39.999999999999986,704.147465437788,190.19,2.6645352591003744E-14,41.474654377880185,1.8225833991817208E-15,14.715
0,39.999999999999986,704.147465437788,190.19,2.6645352591003744E-14,41.47465437788018,1.810432843187176E-15,14.715
0,39.999999999999986,704.147465437788,190.19,2.6645352591003744E-14,41.474654377880185,1.7983632908992613E-15,14.715
0,39.999999999999986,704.147465437788,190.19,2.6645352591003744E-14,41.47465437788018,1.7863742022932663E-15,14.715
0,39.999999999999986,704.147465437788,190.19,2.6645352591003744E-14,41.474654377880185,1.7744650409446445E-15,14.715
0,39.999999999999986,704.147465437788,190.19,2.6645352591003744E-14,41.47465437788018,2.2363304311784136E-15,14.715000000000007
0,39.999999999999986,704.147465437788,190.19,2.6645352591003744E-14,41.474654377880185,2.2214215616372242E-15,14.715
0,39.999999999999986,704.147465437788,190.19,2.6645352591003744E-14,41.47465437788018,2.2066120845596427E-15,14.715
0,39.999999999999986,704.147465437788,190.19,2.6645352591003744E-14,41.474654377880185,2.191901337329245E-15,14.715
0,39.999999999999986,704.147465437788,190.19,2.6645352591003744E-14,41.47465437788018,2.1772886617470498E-15,14.715
0,39.999999999999986,704.147465437788,190.19,2.6645352591003744E-14,41.474654377880185,2.1627734040020693E-15,14.715
0,39.999999999999986,704.147465437788,190.19,2.6645352591003744E-14,41.47465437788018,2.1483549146420553E-15,14.715
0,39.999999999999986,704.147465437788,190.19,2.6645352591003744E-14,41.474654377880185,2.1340325485444416E-15,14.715
0,39.999999999999986,704.147465437788,190.19,2.6645352591003744E-14,41.47465437788018,2.1198056648874785E-15,14.715
0,39.999999999999986,704.147465437788,190.19,2.6645352591003744E-14,41.474654377880185,2.105673627121562E-15,14.715
0,39.999999999999986,704.147465437788,190.19,2.6645352591003744E-14,41.47465437788018,2.0916358029407517E-15,14.715
0,39.999999999999986,704.147465437788,190.19,2.6645352591003744E-14,41.474654377880185,2.07769156425448E-15,14.715
0,39.999999999999986,704.147465437788,190.19,2.6645352591003744E-14,41.47465437788018,2.0638402871594503E-15,14.715
0,39.999999999999986,704.147465437788,190.19,2.6645352591003744E-14,41.474654377880185,2.0500813519117205E-15,14.715
0,39.999999999999986,704.147465437788,190.19,2.6645352591003744E-14,41.47465437788018,2.036414142898976E-15,14.715
0,39.999999999999986,704.147465437788,190.19,2.6645352591003744E-14,41.474654377880185,2.0228380486129825E-15,14.715
0,39.999999999999986,704.147465437788,190.19,2.6645352591003744E-14,41.47465437788018,2.009352461622229E-15,14.715
0,39.999999999999986,704.147465437788,190.19,2.6645352591003744E-14,41.474654377880185,1.9959567785447476E-15,14.715
0,39.999999999999986,704.147465437788,190.19,2.6645352591003744E-14,41.47465437788018,1.982650400021116E-15,14.715
0,39.999999999999986,704.147465437788,190.19,2.6645352591003744E-14,41.474654377880185,1.9694327306876422E-15,14.715
0,39.999999999999986,704.147465437788,190.19,2.6645352591003744E-14,41.47465437788018,1.9563031791497248E-15,14.715
0,39.999999999999986,704.147465437788,190.19,2.6645352591003744E-14,41.474654377880185,1.9432611579553934E-15,14.715
0,39.999999999999986,704.147465437788,190.19,2.6645352591003744E-14,41.47465437788018,1.930306083569024E-15,14.715
0,39.999999999999986,704.147465437788,190.19,2.6645352591003744E-14,41.474654377880185,1.9174373763452306E-15,14.715
0,39.999999999999986,704.147465437788,190.19,2.6645352591003744E-14,41.47465437788018,1.904654460502929E-15,14.715
0,39.999999999999986,704.147465437788,190.19,2.6645352591003744E-14,41.474654377880185,1.8919567640995763E-15,14.715
0,39.999999999999986,704.147465437788,190.19,2.6645352591003744E-14,41.47465437788018,1.8793437190055793E-15,14.715
0,39.999999999999986,704.147465437788,190.19,2.6645352591003744E-14,41.474654377880185,1.8668147608788754E-15,14.715
0,39.999999999999986,704.147465437788,190.19,2.6645352591003744E-14,41.47465437788018,1.854369329139683E-15,14.715
0,39.999999999999986,704.147465437788,190.19,2.6645352591003744E-14,41.474654377880185,1.842006866945418E-15,14.715
0,39.999999999999986,704.147465437788,190.19,2.6645352591003744E-14,41.47465437788018,1.829726821165782E-15,14.715
0,39.999999999999986,704.147465437788,190.19,2.6645352591003744E-14,41.474654377880185,1.8175286423580098E-15,14.715
0,39.999999999999986,704.147465437788,190.19,2.6645352591003744E-14,41.47465437788018,1.8054117847422898E-15,14.715
0,39.999999999999986,704.147465437788,190.19,2.6645352591003744E-14,41.474654377880185,1.7933757061773413E-15,14.715
0,39.999999999999986,704.147465437788,190.19,2.6645352591003744E-14,41.47465437788018,1.7814198681361592E-15,14.715
0,39.999999999999986,704.147465437788,190.19,2.6645352591003744E-14,41.474654377880185,1.769543735681918E-15,14.715
0,39.999999999999986,704.147465437788,190.19,2.6645352591003744E-14,41.47465437788018,2.2314419346174386E-15,14.715000000000007
0,39.999999999999986,704.147465437788,190.19,2.6645352591003744E-14,41.474654377880185,2.2165656550533223E-15,14.715
0,39.999999999999986,704.147465437788,190.19,2.6645352591003744E-14,41.47465437788018,2.2017885506863E-15,14.715
0,39.999999999999986,704.147465437788,190.19,2.6645352591003744E-14,41.474654377880185,2.1871099603483915E-15,14.715
0,39.999999999999986,704.147465437788,190.19,2.6645352591003744E-14,41.47465437788018,2.172529227279402E-15,14.715
0,39.999999999999986,704.147465437788,190.19,2.6645352591003744E-14,41.474654377880185,2.1580456990975396E-15,14.715
0,39.999999999999986,704.147465437788,190.19,2.6645352591003744E-14,41.47465437788018,2.1436587277702228E-15,14.715
0,39.999999999999986,704.147465437788,190.19,2.6645352591003744E-14,41.474654377880185,2.129367669585088E-15,14.715
0,39.999999999999986,704.147465437788,190.19,2.6645352591003744E-14,41.47465437788018,2.1151718851211876E-15,14.715
0,39.999999999999986,704.147465437788,190.19,2.6645352591003744E-14,41.474654377880185,2.1010707392203797E-15,14.715
0,39.999999999999986,704.147465437788,190.19,2.6645352591003744E-14,41.47465437788018,2.0870636009589107E-15,14.715
0,39.999999999999986,704.147465437788,190.19,2.6645352591003744E-14,41.474654377880185,2.0731498436191848E-15,14.715
0,39.999999999999986,704.147465437788,190.19,2.6645352591003744E-14,41.47465437788018,2.0593288446617235E-15,14.715
0,39.999999999999986,704.147465437788,190.19,2.6645352591003744E-14,41.474654377880185,2.045599985697312E-15,14.715
0,39.999999999999986,704.147465437788,190.19,2.6645352591003744E-14,41.47465437788018,2.0319626524593298E-15,14.715
0,39.999999999999986,704.147465437788,190.19,2.6645352591003744E-14,41.474654377880185,2.0184162347762677E-15,14.715
0,39.999999999999986,704.147465437788,190.19,2.6645352591003744E-14,41.47465437788018,2.0049601265444257E-15,14.715
0,39.999999999999986,704.147465437788,190.19,2.6645352591003744E-14,41.474654377880185,1.9915937257007962E-15,14.715
0,39.999999999999986,704.147465437788,190.19,2.6645352591003744E-14,41.47465437788018,1.9783164341961243E-15,14.715
0,39.999999999999986,704.147465437788,190.19,2.6645352591003744E-14,41.474654377880185,1.96512765796815E-15,14.715
0,39.999999999999986,704.147465437788,190.19,2.6645352591003744E-14,41.47465437788018,1.952026806915029E-15,14.715
0,39.999999999999986,704.147465437788,190.19,2.6645352591003744E-14,41.474654377880185,1.939013294868929E-15,14.715
0,39.999999999999986,704.147465437788,190.19,2.6645352591003744E-14,41.47465437788018,1.9260865395698025E-15,14.715
0,39.999999999999986,704.147465437788,190.19,2.6645352591003744E-14,41.474654377880185,1.9132459626393373E-15,14.715
0,39.999999999999986,704.147465437788,190.19,2.6645352591003744E-14,41.47465437788018,1.900490989555075E-15,14.715
0,39.999999999999986,704.147465437788,190.19,2.6645352591003744E-14,41.474654377880185,1.887821049624708E-15,14.715
0,39.999999999999986,704.147465437788,190.19,2.6645352591003744E-14,41.47465437788018,1.875235575960543E-15,14.715
0,39.999999999999986,704.147465437788,190.19,2.6645352591003744E-14,41.474654377880185,1.8627340054541396E-15,14.715
0,39.999999999999986,704.147465437788,190.19,2.6645352591003744E-14,41.47465437788018,1.850315778751112E-15,14.715
0,39.999999999999986,704.147465437788,190.19,2.6645352591003744E-14,41.474654377880185,1.8379803402261048E-15,14.715
0,39.999999999999986,704.147465437788,190.19,2.6645352591003744E-14,41.47465437788018,1.825727137957931E-15,14.715
0,39.999999999999986,704.147465437788,190.19,2.6645352591003744E-14,41.474654377880185,1.813555623704878E-15,14.715
0,39.999999999999986,704.147465437788,190.19,2.6645352591003744E-14,41.47465437788018,1.8014652528801786E-15,14.715
0,39.999999999999986,704.147465437788,190.19,2.6645352591003744E-14,41.474654377880185,1.789455484527644E-15,14.715
0,39.999999999999986,704.147465437788,190.19,2.6645352591003744E-14,41.47465437788018,1.7775257812974595E-15,14.715
0,39.999999999999986,704.147465437788,190.19,2.6645352591003744E-14,41.474654377880185,1.7656756094221431E-15,14.715
0,39.999999999999986,704.147465437788,190.19,2.6645352591003744E-14,41.47465437788018,2.2275995958660622E-15,14.715000000000007
0,39.999999999999986,704.147465437788,190.19,2.6645352591003744E-14,41.474654377880185,2.2127489318936217E-15,14.715
0,39.999999999999986,704.147465437788,190.19,2.6645352591003744E-14,41.47465437788018,2.197997272347664E-15,14.715
0,39.999999999999986,704.147465437788,190.19,2.6645352591003744E-14,41.474654377880185,2.1833439571986798E-15,14.715
0,39.999999999999986,704.147465437788,190.19,2.6645352591003744E-14,41.47465437788018,2.168788330817355E-15,14.715
0,39.999999999999986,704.147465437788,190.19,2.6645352591003744E-14,41.474654377880185,2.1543297419452396E-15,14.715
0,39.999999999999986,704.147465437788,190.19,2.6645352591003744E-14,41.47465437788018,2.1399675436656047E-15,14.715
0,39.999999999999986,704.147465437788,190.19,2.6645352591003744E-14,41.474654377880185,2.125701093374501E-15,14.715
0,39.999999999999986,704.147465437788,190.19,2.6645352591003744E-14,41.47465437788018,2.1115297527520042E-15,14.715
0,39.999999999999986,704.147465437788,190.19,2.6645352591003744E-14,41.474654377880185,2.0974528877336575E-15,14.715
0,39.999999999999986,704.147465437788,190.19,2.6645352591003744E-14,41.47465437788018,2.0834698684821E-15,14.715
0,39.999999999999986,704.147465437788,190.19,2.6645352591003744E-14,41.474654377880185,2.0695800693588856E-15,14.715
0,39.999999999999986,704.147465437788,190.19,2.6645352591003744E-14,41.47465437788018,2.055782868896493E-15,14.715
0,39.999999999999986,704.147465437788,190.19,2.6645352591003744E-14,41.474654377880185,2.0420776497705167E-15,14.715
0,39.999999999999986,704.147465437788,190.19,2.6645352591003744E-14,41.47465437788018,2.0284637987720464E-15,14.715
0,39.999999999999986,704.147465437788,190.19,2.6645352591003744E-14,41.474654377880185,2.014940706780233E-15,14.715
0,39.999999999999986,704.147465437788,190.19,2.6645352591003744E-14,41.47465437788018,2.0015077687350312E-15,14.715
0,39.999999999999986,704.147465437788,190.19,2.6645352591003744E-14,41.474654377880185,1.988164383610131E-15,14.715
0,39.999999999999986,704.147465437788,190.19,2.6645352591003744E-14,41.47465437788018,1.9749099543860635E-15,14.715
0,39.999999999999986,704.147465437788,190.19,2.6645352591003744E-14,41.474654377880185,1.9617438880234896E-15,14.715
0,39.999999999999986,704.147465437788,190.19,2.6645352591003744E-14,41.47465437788018,1.9486655954366662E-15,14.715
0,39.999999999999986,704.147465437788,190.19,2.6645352591003744E-14,41.474654377880185,1.9356744914670885E-15,14.715
0,39.999999999999986,704.147465437788,190.19,2.6645352591003744E-14,41.47465437788018,1.922769994857308E-15,14.715
0,39.999999999999986,704.147465437788,190.19,2.6645352591003744E-14,41.474654377880185,1.909951528224926E-15,14.715
0,39.999999999999986,704.147465437788,190.19,2.6645352591003744E-14,41.47465437788018,1.89721851803676E-15,14.715
0,39.999999999999986,704.147465437788,190.19,2.6645352591003744E-14,41.474654377880185,1.8845703945831814E-15,14.715
0,39.999999999999986,704.147465437788,190.19,2.6645352591003744E-14,41.47465437788018,1.872006591952627E-15,14.715
0,39.999999999999986,704.147465437788,190.19,2.6645352591003744E-14,41.474654377880185,1.859526548006276E-15,14.715
0,39.999999999999986,704.147465437788,190.19,2.6645352591003744E-14,41.47465437788018,1.8471297043529007E-15,14.715
0,39.999999999999986,704.147465437788,190.19,2.6645352591003744E-14,41.474654377880185,1.8348155063238815E-15,14.715
0,39.999999999999986,704.147465437788,190.19,2.6645352591003744E-14,41.47465437788018,1.822583402948389E-15,14.715
0,39.999999999999986,704.147465437788,190.19,2.6645352591003744E-14,41.474654377880185,1.810432846928733E-15,14.715
0,39.999999999999986,704.147465437788,190.19,2.6645352591003744E-14,41.47465437788018,1.798363294615875E-15,14.715
0,39.999999999999986,704.147465437788,190.19,2.6645352591003744E-14,41.474654377880185,1.7863742059851026E-15,14.715
0,39.999999999999986,704.147465437788,190.19,2.6645352591003744E-14,41.47465437788018,1.7744650446118685E-15,14.715
0,39.999999999999986,704.147465437788,190.19,2.6645352591003744E-14,41.474654377880185,2.2363304348211894E-15,14.715000000000007
0,39.999999999999986,704.147465437788,190.19,2.6645352591003744E-14,41.47465437788018,2.2214215652557146E-15,14.715
0,39.999999999999986,704.147465437788,190.19,2.6645352591003744E-14,41.474654377880185,2.2066120881540097E-15,14.715
0,39.999999999999986,704.147465437788,190.19,2.6645352591003744E-14,41.47465437788018,2.1919013408996495E-15,14.715
0,39.999999999999986,704.147465437788,190.19,2.6645352591003744E-14,41.474654377880185,2.1772886652936517E-15,14.715
0,39.999999999999986,704.147465437788,190.19,2.6645352591003744E-14,41.47465437788018,2.1627734075250274E-15,14.715
0,39.999999999999986,704.147465437788,190.19,2.6645352591003744E-14,41.474654377880185,2.148354918141527E-15,14.715
0,39.999999999999986,704.147465437788,190.19,2.6645352591003744E-14,41.47465437788018,2.1340325520205836E-15,14.715
0,39.999999999999986,704.147465437788,190.19,2.6645352591003744E-14,41.474654377880185,2.1198056683404465E-15,14.715
0,39.999999999999986,704.147465437788,190.19,2.6645352591003744E-14,41.47465437788018,2.1056736305515103E-15,14.715
0,39.999999999999986,704.147465437788,190.19,2.6645352591003744E-14,41.474654377880185,2.0916358063478337E-15,14.715
0,39.999999999999986,704.147465437788,190.19,2.6645352591003744E-14,41.47465437788018,2.077691567638848E-15,14.715
0,39.999999999999986,704.147465437788,190.19,2.6645352591003744E-14,41.474654377880185,2.0638402905212556E-15,14.715
0,39.999999999999986,704.147465437788,190.19,2.6645352591003744E-14,41.47465437788018,2.050081355251114E-15,14.715
0,39.999999999999986,704.147465437788,190.19,2.6645352591003744E-14,41.474654377880185,2.0364141462161063E-15,14.715
0,39.999999999999986,704.147465437788,190.19,2.6645352591003744E-14,41.47465437788018,2.022838051907999E-15,14.715
0,39.999999999999986,704.147465437788,190.19,2.6645352591003744E-14,41.474654377880185,2.009352464895279E-15,14.715
0,39.999999999999986,704.147465437788,190.19,2.6645352591003744E-14,41.47465437788018,1.995956781795977E-15,14.715
0,39.999999999999986,704.147465437788,190.19,2.6645352591003744E-14,41.474654377880185,1.9826504032506705E-15,14.715
0,39.999999999999986,704.147465437788,190.19,2.6645352591003744E-14,41.47465437788018,1.969432733895666E-15,14.715
0,39.999999999999986,704.147465437788,190.19,2.6645352591003744E-14,41.474654377880185,1.9563031823363615E-15,14.715
0,39.999999999999986,704.147465437788,190.19,2.6645352591003744E-14,41.47465437788018,1.9432611611207857E-15,14.715
0,39.999999999999986,704.147465437788,190.19,2.6645352591003744E-14,41.474654377880185,1.930306086713314E-15,14.715
0,39.999999999999986,704.147465437788,190.19,2.6645352591003744E-14,41.47465437788018,1.9174373794685585E-15,14.715
0,39.999999999999986,704.147465437788,190.19,2.6645352591003744E-14,41.474654377880185,1.904654463605435E-15,14.715
0,39.999999999999986,704.147465437788,190.19,2.6645352591003744E-14,41.47465437788018,1.8919567671813987E-15,14.715
0,39.999999999999986,704.147465437788,190.19,2.6645352591003744E-14,41.474654377880185,1.8793437220668562E-15,14.715
0,39.999999999999986,704.147465437788,190.19,2.6645352591003744E-14,41.47465437788018,1.8668147639197437E-15,14.715
0,39.999999999999986,704.147465437788,190.19,2.6645352591003744E-14,41.474654377880185,1.854369332160279E-15,14.715
0,39.999999999999986,704.147465437788,190.19,2.6645352591003744E-14,41.47465437788018,1.842006869945877E-15,14.715
0,39.999999999999986,704.147465437788,190.19,2.6645352591003744E-14,41.474654377880185,1.8297268241462376E-15,14.715
0,39.999999999999986,704.147465437788,190.19,2.6645352591003744E-14,41.47465437788018,1.817528645318596E-15,14.715
0,39.999999999999986,704.147465437788,190.19,2.6645352591003744E-14,41.474654377880185,1.8054117876831388E-15,14.715
0,39.999999999999986,704.147465437788,190.19,2.6645352591003744E-14,41.47465437788018,1.7933757090985844E-15,14.715
0,39.999999999999986,704.147465437788,190.19,2.6645352591003744E-14,41.474654377880185,1.7814198710379273E-15,14.715
0,39.999999999999986,704.147465437788,190.19,2.6645352591003744E-14,41.47465437788018,1.769543738564341E-15,14.715
0,39.999999999999986,704.147465437788,190.19,2.6645352591003744E-14,41.474654377880185,2.2314419374806456E-15,14.715000000000007
0,39.999999999999986,704.147465437788,190.19,2.6645352591003744E-14,41.47465437788018,2.216565657897441E-15,14.715
0,39.999999999999986,704.147465437788,190.19,2.6645352591003744E-14,41.474654377880185,2.2017885535114582E-15,14.715
0,39.999999999999986,704.147465437788,190.19,2.6645352591003744E-14,41.47465437788018,2.1871099631547153E-15,14.715
0,39.999999999999986,704.147465437788,190.19,2.6645352591003744E-14,41.474654377880185,2.1725292300670172E-15,14.715
0,39.999999999999986,704.147465437788,190.19,2.6645352591003744E-14,41.47465437788018,2.1580457018665703E-15,14.715
0,39.999999999999986,704.147465437788,190.19,2.6645352591003744E-14,41.474654377880185,2.1436587305207934E-15,14.715
0,39.999999999999986,704.147465437788,190.19,2.6645352591003744E-14,41.47465437788018,2.1293676723173213E-15,14.715
0,39.999999999999986,704.147465437788,190.19,2.6645352591003744E-14,41.474654377880185,2.1151718878352056E-15,14.715
0,39.999999999999986,704.147465437788,190.19,2.6645352591003744E-14,41.47465437788018,2.1010707419163044E-15,14.715
0,39.999999999999986,704.147465437788,190.19,2.6645352591003744E-14,41.474654377880185,2.0870636036368623E-15,14.715
0,39.999999999999986,704.147465437788,190.19,2.6645352591003744E-14,41.47465437788018,2.0731498462792833E-15,14.715
0,39.999999999999986,704.147465437788,190.19,2.6645352591003744E-14,41.474654377880185,2.059328847304088E-15,14.715
0,39.999999999999986,704.147465437788,190.19,2.6645352591003744E-14,41.47465437788018,2.045599988322061E-15,14.715
0,39.999999999999986,704.147465437788,190.19,2.6645352591003744E-14,41.474654377880185,2.0319626550665806E-15,14.715
0,39.999999999999986,704.147465437788,190.19,2.6645352591003744E-14,41.47465437788018,2.0184162373661367E-15,14.715
0,39.999999999999986,704.147465437788,190.19,2.6645352591003744E-14,41.474654377880185,2.004960129117029E-15,14.715
0,39.999999999999986,704.147465437788,190.19,2.6645352591003744E-14,41.47465437788018,1.991593728256249E-15,14.715
0,39.999999999999986,704.147465437788,190.19,2.6645352591003744E-14,41.474654377880185,1.9783164367345407E-15,14.715
0,39.999999999999986,704.147465437788,190.19,2.6645352591003744E-14,41.47465437788018,1.9651276604896437E-15,14.715
0,39.999999999999986,704.147465437788,190.19,2.6645352591003744E-14,41.474654377880185,1.952026809419713E-15,14.715
0,39.999999999999986,704.147465437788,190.19,2.6645352591003744E-14,41.47465437788018,1.9390132973569146E-15,14.715
0,39.999999999999986,704.147465437788,190.19,2.6645352591003744E-14,41.474654377880185,1.926086542041202E-15,14.715
0,39.999999999999986,704.147465437788,190.19,2.6645352591003744E-14,41.47465437788018,1.9132459650942606E-15,14.715
0,39.999999999999986,704.147465437788,190.19,2.6645352591003744E-14,41.474654377880185,1.9004909919936322E-15,14.715
0,39.999999999999986,704.147465437788,190.19,2.6645352591003744E-14,41.47465437788018,1.887821052047008E-15,14.715
0,39.999999999999986,704.147465437788,190.19,2.6645352591003744E-14,41.474654377880185,1.8752355783666943E-15,14.715
0,39.999999999999986,704.147465437788,190.19,2.6645352591003744E-14,41.47465437788018,1.8627340078442497E-15,14.715
0,39.999999999999986,704.147465437788,190.19,2.6645352591003744E-14,41.474654377880185,1.850315781125288E-15,14.715
0,39.999999999999986,704.147465437788,190.19,2.6645352591003744E-14,41.47465437788018,1.837980342584453E-15,14.715
0,39.999999999999986,704.147465437788,190.19,2.6645352591003744E-14,41.474654377880185,1.8257271403005567E-15,14.715
0,39.999999999999986,704.147465437788,190.19,2.6645352591003744E-14,41.47465437788018,1.8135556260318863E-15,14.715
0,39.999999999999986,704.147465437788,190.19,2.6645352591003744E-14,41.474654377880185,1.8014652551916736E-15,14.715
0,39.999999999999986,704.147465437788,190.19,2.6645352591003744E-14,41.47465437788018,1.789455486823729E-15,14.715
0,39.999999999999986,704.147465437788,190.19,2.6645352591003744E-14,41.474654377880185,1.7775257835782375E-15,14.715
0,39.999999999999986,704.147465437788,190.19,2.6645352591003744E-14,41.47465437788018,1.7656756116877158E-15,14.715
0,39.999999999999986,704.147465437788,190.19,2.6645352591003744E-14,41.474654377880185,2.227599598116531E-15,14.715000000000007
0,39.999999999999986,704.147465437788,190.19,2.6645352591003744E-14,41.47465437788018,2.2127489341290874E-15,14.715
0,39.999999999999986,704.147465437788,190.19,2.6645352591003744E-14,41.474654377880185,2.1979972745682268E-15,14.715
0,39.999999999999986,704.147465437788,190.19,2.6645352591003744E-14,41.47465437788018,2.1833439594044386E-15,14.715
0,39.999999999999986,704.147465437788,190.19,2.6645352591003744E-14,41.474654377880185,2.168788333008409E-15,14.715
0,39.999999999999986,704.147465437788,190.19,2.6645352591003744E-14,41.47465437788018,2.154329744121686E-15,14.715
0,39.999999999999986,704.147465437788,190.19,2.6645352591003744E-14,41.474654377880185,2.1399675458275415E-15,14.715
0,39.999999999999986,704.147465437788,190.19,2.6645352591003744E-14,41.47465437788018,2.1257010955220244E-15,14.715
0,39.999999999999986,704.147465437788,190.19,2.6645352591003744E-14,41.474654377880185,2.1115297548852107E-15,14.715
0,39.999999999999986,704.147465437788,190.19,2.6645352591003744E-14,41.47465437788018,2.097452889852643E-15,14.715
0,39.999999999999986,704.147465437788,190.19,2.6645352591003744E-14,41.474654377880185,2.0834698705869586E-15,14.715
0,39.999999999999986,704.147465437788,190.19,2.6645352591003744E-14,41.47465437788018,2.069580071449712E-15,14.715
0,39.999999999999986,704.147465437788,190.19,2.6645352591003744E-14,41.474654377880185,2.055782870973381E-15,14.715
0,39.999999999999986,704.147465437788,190.19,2.6645352591003744E-14,41.47465437788018,2.0420776518335583E-15,14.715
0,39.999999999999986,704.147465437788,190.19,2.6645352591003744E-14,41.474654377880185,2.0284638008213347E-15,14.715
0,39.999999999999986,704.147465437788,190.19,2.6645352591003744E-14,41.47465437788018,2.0149407088158593E-15,14.715
0,39.999999999999986,704.147465437788,190.19,2.6645352591003744E-14,41.474654377880185,2.001507770757087E-15,14.715
0,39.999999999999986,704.147465437788,190.19,2.6645352591003744E-14,41.47465437788018,1.9881643856187063E-15,14.715
0,39.999999999999986,704.147465437788,190.19,2.6645352591003744E-14,41.474654377880185,1.974909956381248E-15,14.715
0,39.999999999999986,704.147465437788,190.19,2.6645352591003744E-14,41.47465437788018,1.9617438900053732E-15,14.715
0,39.999999999999986,704.147465437788,190.19,2.6645352591003744E-14,41.474654377880185,1.9486655974053373E-15,14.715
0,39.999999999999986,704.147465437788,190.19,2.6645352591003744E-14,41.47465437788018,1.935674493422635E-15,14.715
0,39.999999999999986,704.147465437788,190.19,2.6645352591003744E-14,41.474654377880185,1.9227699967998172E-15,14.715
0,39.999999999999986,704.147465437788,190.19,2.6645352591003744E-14,41.47465437788018,1.909951530154485E-15,14.715
0,39.999999999999986,704.147465437788,190.19,2.6645352591003744E-14,41.474654377880185,1.897218519953455E-15,14.715
0,39.999999999999986,704.147465437788,190.19,2.6645352591003744E-14,41.47465437788018,1.8845703964870988E-15,14.715
0,39.999999999999986,704.147465437788,190.19,2.6645352591003744E-14,41.474654377880185,1.8720065938438514E-15,14.715
0,39.999999999999986,704.147465437788,190.19,2.6645352591003744E-14,41.47465437788018,1.8595265498848925E-15,14.715
0,39.999999999999986,704.147465437788,190.19,2.6645352591003744E-14,41.474654377880185,1.8471297062189934E-15,14.715
0,39.999999999999986,704.147465437788,190.19,2.6645352591003744E-14,41.47465437788018,1.8348155081775334E-15,14.715
0,39.999999999999986,704.147465437788,190.19,2.6645352591003744E-14,41.474654377880185,1.8225834047896833E-15,14.715
0,39.999999999999986,704.147465437788,190.19,2.6645352591003744E-14,41.47465437788018,1.810432848757752E-15,14.715
0,39.999999999999986,704.147465437788,190.19,2.6645352591003744E-14,41.474654377880185,1.7983632964327E-15,14.715
0,39.999999999999986,704.147465437788,190.19,2.6645352591003744E-14,41.47465437788018,1.7863742077898156E-15,14.715
0,39.999999999999986,704.147465437788,190.19,2.6645352591003744E-14,41.474654377880185,1.7744650464045502E-15,14.715
0,39.999999999999986,704.147465437788,190.19,2.6645352591003744E-14,41.47465437788018,2.23633043660192E-15,14.715000000000007
0,39.999999999999986,704.147465437788,190.19,2.6645352591003744E-14,41.474654377880185,2.221421567024574E-15,14.715
0,39.999999999999986,704.147465437788,190.19,2.6645352591003744E-14,41.47465437788018,2.2066120899110766E-15,14.715
0,39.999999999999986,704.147465437788,190.19,2.6645352591003744E-14,41.474654377880185,2.1919013426450026E-15,14.715
0,39.999999999999986,704.147465437788,190.19,2.6645352591003744E-14,41.47465437788018,2.177288667027369E-15,14.715
0,39.999999999999986,704.147465437788,190.19,2.6645352591003744E-14,41.474654377880185,2.1627734092471865E-15,14.715
0,39.999999999999986,704.147465437788,190.19,2.6645352591003744E-14,41.47465437788018,2.148354919852205E-15,14.715
0,39.999999999999986,704.147465437788,190.19,2.6645352591003744E-14,41.474654377880185,2.134032553719857E-15,14.715
0,39.999999999999986,704.147465437788,190.19,2.6645352591003744E-14,41.47465437788018,2.1198056700283915E-15,14.715
0,39.999999999999986,704.147465437788,190.19,2.6645352591003744E-14,41.474654377880185,2.1056736322282022E-15,14.715
0,39.999999999999986,704.147465437788,190.19,2.6645352591003744E-14,41.47465437788018,2.0916358080133475E-15,14.715
0,39.999999999999986,704.147465437788,190.19,2.6645352591003744E-14,41.474654377880185,2.0776915692932585E-15,14.715
0,39.999999999999986,704.147465437788,190.19,2.6645352591003744E-14,41.47465437788018,2.0638402921646367E-15,14.715
0,39.999999999999986,704.147465437788,190.19,2.6645352591003744E-14,41.474654377880185,2.0500813568835392E-15,14.715
0,39.999999999999986,704.147465437788,190.19,2.6645352591003744E-14,41.47465437788018,2.036414147837649E-15,14.715
0,39.999999999999986,704.147465437788,190.19,2.6645352591003744E-14,41.474654377880185,2.0228380535187313E-15,14.715
0,39.999999999999986,704.147465437788,190.19,2.6645352591003744E-14,41.47465437788018,2.009352466495273E-15,14.715
0,39.999999999999986,704.147465437788,190.19,2.6645352591003744E-14,41.474654377880185,1.9959567833853047E-15,14.715
0,39.999999999999986,704.147465437788,190.19,2.6645352591003744E-14,41.47465437788018,1.9826504048294024E-15,14.715
0,39.999999999999986,704.147465437788,190.19,2.6645352591003744E-14,41.474654377880185,1.969432735463873E-15,14.715
0,39.999999999999986,704.147465437788,190.19,2.6645352591003744E-14,41.47465437788018,1.956303183894114E-15,14.715
0,39.999999999999986,704.147465437788,190.19,2.6645352591003744E-14,41.474654377880185,1.9432611626681533E-15,14.715
0,39.999999999999986,704.147465437788,190.19,2.6645352591003744E-14,41.47465437788018,1.9303060882503656E-15,14.715
0,39.999999999999986,704.147465437788,190.19,2.6645352591003744E-14,41.474654377880185,1.9174373809953633E-15,14.715
0,39.999999999999986,704.147465437788,190.19,2.6645352591003744E-14,41.47465437788018,1.9046544651220607E-15,14.715
0,39.999999999999986,704.147465437788,190.19,2.6645352591003744E-14,41.474654377880185,1.8919567686879136E-15,14.715
0,39.999999999999986,704.147465437788,190.19,2.6645352591003744E-14,41.47465437788018,1.8793437235633273E-15,14.715
0,39.999999999999986,704.147465437788,190.19,2.6645352591003744E-14,41.474654377880185,1.8668147654062385E-15,14.715
0,39.999999999999986,704.147465437788,190.19,2.6645352591003744E-14,41.47465437788018,1.8543693336368637E-15,14.715
0,39.999999999999986,704.147465437788,190.19,2.6645352591003744E-14,41.474654377880185,1.842006871412618E-15,14.715
0,39.999999999999986,704.147465437788,190.19,2.6645352591003744E-14,41.47465437788018,1.8297268256032006E-15,14.715
0,39.999999999999986,704.147465437788,190.19,2.6645352591003744E-14,41.474654377880185,1.817528646765846E-15,14.715
0,39.999999999999986,704.147465437788,190.19,2.6645352591003744E-14,41.47465437788018,1.8054117891207403E-15,14.715
0,39.999999999999986,704.147465437788,190.19,2.6645352591003744E-14,41.474654377880185,1.793375710526602E-15,14.715
0,39.999999999999986,704.147465437788,190.19,2.6645352591003744E-14,41.47465437788018,1.7814198724564246E-15,14.715
0,39.999999999999986,704.147465437788,190.19,2.6645352591003744E-14,41.474654377880185,1.7695437399733817E-15,14.715
0,39.999999999999986,704.147465437788,190.19,2.6645352591003744E-14,41.47465437788018,2.2314419388802927E-15,14.715000000000007
0,39.999999999999986,704.147465437788,190.19,2.6645352591003744E-14,41.474654377880185,2.2165656592877572E-15,14.715
0,39.999999999999986,704.147465437788,190.19,2.6645352591003744E-14,41.47465437788018,2.2017885548925056E-15,14.715
0,39.999999999999986,704.147465437788,190.19,2.6645352591003744E-14,41.474654377880185,2.1871099645265554E-15,14.715
0,39.999999999999986,704.147465437788,190.19,2.6645352591003744E-14,41.47465437788018,2.1725292314297117E-15,14.715
0,39.999999999999986,704.147465437788,190.19,2.6645352591003744E-14,41.474654377880185,2.1580457032201803E-15,14.715
0,39.999999999999986,704.147465437788,190.19,2.6645352591003744E-14,41.47465437788018,2.143658731865379E-15,14.715
0,39.999999999999986,704.147465437788,190.19,2.6645352591003744E-14,41.474654377880185,2.1293676736529432E-15,14.715
0,39.999999999999986,704.147465437788,190.19,2.6645352591003744E-14,41.47465437788018,2.1151718891619237E-15,14.715
0,39.999999999999986,704.147465437788,190.19,2.6645352591003744E-14,41.474654377880185,2.1010707432341774E-15,14.715
0,39.999999999999986,704.147465437788,190.19,2.6645352591003744E-14,41.47465437788018,2.0870636049459494E-15,14.715
0,39.999999999999986,704.147465437788,190.19,2.6645352591003744E-14,41.474654377880185,2.0731498475796432E-15,14.715
0,39.999999999999986,704.147465437788,190.19,2.6645352591003744E-14,41.47465437788018,2.0593288485957788E-15,14.715
0,39.999999999999986,704.147465437788,190.19,2.6645352591003744E-14,41.474654377880185,2.0455999896051404E-15,14.715
0,39.999999999999986,704.147465437788,190.19,2.6645352591003744E-14,41.47465437788018,2.031962656341106E-15,14.715
0,39.999999999999986,704.147465437788,190.19,2.6645352591003744E-14,41.474654377880185,2.0184162386321653E-15,14.715
0,39.999999999999986,704.147465437788,190.19,2.6645352591003744E-14,41.47465437788018,2.0049601303746175E-15,14.715
0,39.999999999999986,704.147465437788,190.19,2.6645352591003744E-14,41.474654377880185,1.9915937295054534E-15,14.715
0,39.999999999999986,704.147465437788,190.19,2.6645352591003744E-14,41.47465437788018,1.978316437975417E-15,14.715
0,39.999999999999986,704.147465437788,190.19,2.6645352591003744E-14,41.474654377880185,1.9651276617222475E-15,14.715
0,39.999999999999986,704.147465437788,190.19,2.6645352591003744E-14,41.47465437788018,1.952026810644099E-15,14.715
0,39.999999999999986,704.147465437788,190.19,2.6645352591003744E-14,41.474654377880185,1.9390132985731385E-15,14.715
0,39.999999999999986,704.147465437788,190.19,2.6645352591003744E-14,41.47465437788018,1.9260865432493176E-15,14.715
0,39.999999999999986,704.147465437788,190.19,2.6645352591003744E-14,41.474654377880185,1.913245966294322E-15,14.715
0,39.999999999999986,704.147465437788,190.19,2.6645352591003744E-14,41.47465437788018,1.9004909931856933E-15,14.715
0,39.999999999999986,704.147465437788,190.19,2.6645352591003744E-14,41.474654377880185,1.887821053231122E-15,14.715
0,39.999999999999986,704.147465437788,190.19,2.6645352591003744E-14,41.47465437788018,1.8752355795429144E-15,14.715
0,39.999999999999986,704.147465437788,190.19,2.6645352591003744E-14,41.474654377880185,1.8627340090126284E-15,14.715
0,39.999999999999986,704.147465437788,190.19,2.6645352591003744E-14,41.47465437788018,1.8503157822858775E-15,14.715
0,39.999999999999986,704.147465437788,190.19,2.6645352591003744E-14,41.474654377880185,1.837980343737305E-15,14.715
0,39.999999999999986,704.147465437788,190.19,2.6645352591003744E-14,41.47465437788018,1.825727141445723E-15,14.715
0,39.999999999999986,704.147465437788,190.19,2.6645352591003744E-14,41.474654377880185,1.813555627169418E-15,14.715
0,39.999999999999986,704.147465437788,190.19,2.6645352591003744E-14,41.47465437788018,1.8014652563216218E-15,14.715
0,39.999999999999986,704.147465437788,190.19,2.6645352591003744E-14,41.474654377880185,1.7894554879461443E-15,14.715
0,39.999999999999986,704.147465437788,190.19,2.6645352591003744E-14,41.47465437788018,1.77752578469317E-15,14.715
0,39.999999999999986,704.147465437788,190.19,2.6645352591003744E-14,41.474654377880185,1.7656756127952155E-15,14.715
0,39.999999999999986,704.147465437788,190.19,2.6645352591003744E-14,41.47465437788018,2.2275995992166475E-15,14.715000000000007
0,39.999999999999986,704.147465437788,190.19,2.6645352591003744E-14,41.474654377880185,2.21274893522187E-15,14.715
0,39.999999999999986,704.147465437788,190.19,2.6645352591003744E-14,41.47465437788018,2.1979972756537242E-15,14.715
0,39.999999999999986,704.147465437788,190.19,2.6645352591003744E-14,41.474654377880185,2.1833439604826994E-15,14.715
0,39.999999999999986,704.147465437788,190.19,2.6645352591003744E-14,41.47465437788018,2.1687883340794816E-15,14.715
0,39.999999999999986,704.147465437788,190.19,2.6645352591003744E-14,41.474654377880185,2.1543297451856183E-15,14.715
0,39.999999999999986,704.147465437788,190.19,2.6645352591003744E-14,41.47465437788018,2.139967546884381E-15,14.715
0,39.999999999999986,704.147465437788,190.19,2.6645352591003744E-14,41.474654377880185,2.1257010965718184E-15,14.715
0,39.999999999999986,704.147465437788,190.19,2.6645352591003744E-14,41.47465437788018,2.1115297559280064E-15,14.715
0,39.999999999999986,704.147465437788,190.19,2.6645352591003744E-14,41.474654377880185,2.0974528908884862E-15,14.715
0,39.999999999999986,704.147465437788,190.19,2.6645352591003744E-14,41.47465437788018,2.0834698716158963E-15,14.715
0,39.999999999999986,704.147465437788,190.19,2.6645352591003744E-14,41.474654377880185,2.0695800724717903E-15,14.715
0,39.999999999999986,704.147465437788,190.19,2.6645352591003744E-14,41.47465437788018,2.055782871988645E-15,14.715
0,39.999999999999986,704.147465437788,190.19,2.6645352591003744E-14,41.474654377880185,2.042077652842054E-15,14.715
0,39.999999999999986,704.147465437788,190.19,2.6645352591003744E-14,41.47465437788018,2.0284638018231068E-15,14.715
0,39.999999999999986,704.147465437788,190.19,2.6645352591003744E-14,41.474654377880185,2.014940709810953E-15,14.715
0,39.999999999999986,704.147465437788,190.19,2.6645352591003744E-14,41.47465437788018,2.0015077717455465E-15,14.715
0,39.999999999999986,704.147465437788,190.19,2.6645352591003744E-14,41.474654377880185,1.9881643866005762E-15,14.715
0,39.999999999999986,704.147465437788,190.19,2.6645352591003744E-14,41.47465437788018,1.9749099573565725E-15,14.715
0,39.999999999999986,704.147465437788,190.19,2.6645352591003744E-14,41.474654377880185,1.9617438909741954E-15,14.715
0,39.999999999999986,704.147465437788,190.19,2.6645352591003744E-14,41.47465437788018,1.9486655983677006E-15,14.715
0,39.999999999999986,704.147465437788,190.19,2.6645352591003744E-14,41.474654377880185,1.9356744943785824E-15,14.715
0,39.999999999999986,704.147465437788,190.19,2.6645352591003744E-14,41.47465437788018,1.922769997749392E-15,14.715
0,39.999999999999986,704.147465437788,190.19,2.6645352591003744E-14,41.474654377880185,1.9099515310977295E-15,14.715
0,39.999999999999986,704.147465437788,190.19,2.6645352591003744E-14,41.47465437788018,1.8972185208904113E-15,14.715
0,39.999999999999986,704.147465437788,190.19,2.6645352591003744E-14,41.474654377880185,1.8845703974178087E-15,14.715
0,39.999999999999986,704.147465437788,190.19,2.6645352591003744E-14,41.47465437788018,1.8720065947683566E-15,14.715
0,39.999999999999986,704.147465437788,190.19,2.6645352591003744E-14,41.474654377880185,1.8595265508032342E-15,14.715
0,39.999999999999986,704.147465437788,190.19,2.6645352591003744E-14,41.47465437788018,1.847129707131213E-15,14.715
0,39.999999999999986,704.147465437788,190.19,2.6645352591003744E-14,41.474654377880185,1.8348155090836715E-15,14.715
0,39.999999999999986,704.147465437788,190.19,2.6645352591003744E-14,41.47465437788018,1.8225834056897803E-15,14.715
0,39.999999999999986,704.147465437788,190.19,2.6645352591003744E-14,41.474654377880185,1.8104328496518485E-15,14.715
0,39.999999999999986,704.147465437788,190.19,2.6645352591003744E-14,41.47465437788018,1.798363297320836E-15,14.715
0,39.999999999999986,704.147465437788,190.19,2.6645352591003744E-14,41.474654377880185,1.7863742086720303E-15,14.715
0,39.999999999999986,704.147465437788,190.19,2.6645352591003744E-14,41.47465437788018,1.7744650472808834E-15,14.715
0,39.999999999999986,704.147465437788,190.19,2.6645352591003744E-14,41.474654377880185,2.236330437472411E-15,14.715000000000007
0,39.999999999999986,704.147465437788,190.19,2.6645352591003744E-14,41.47465437788018,2.2214215678892617E-15,14.715
0,39.999999999999986,704.147465437788,190.19,2.6645352591003744E-14,41.474654377880185,2.20661209077E-15,14.715
0,39.999999999999986,704.147465437788,190.19,2.6645352591003744E-14,41.47465437788018,2.1919013434982E-15,14.715
0,39.999999999999986,704.147465437788,190.19,2.6645352591003744E-14,41.474654377880185,2.1772886678748787E-15,14.715
0,39.999999999999986,704.147465437788,190.19,2.6645352591003744E-14,41.47465437788018,2.1627734100890462E-15,14.715
0,39.999999999999986,704.147465437788,190.19,2.6645352591003744E-14,41.474654377880185,2.1483549206884525E-15,14.715
0,39.999999999999986,704.147465437788,190.19,2.6645352591003744E-14,41.47465437788018,2.1340325545505296E-15,14.715
0,39.999999999999986,704.147465437788,190.19,2.6645352591003744E-14,41.474654377880185,2.1198056708535262E-15,14.715
0,39.999999999999986,704.147465437788,190.19,2.6645352591003744E-14,41.47465437788018,2.105673633047836E-15,14.715
0,39.999999999999986,704.147465437788,190.19,2.6645352591003744E-14,41.474654377880185,2.0916358088275174E-15,14.715
0,39.999999999999986,704.147465437788,190.19,2.6645352591003744E-14,41.47465437788018,2.0776915701020007E-15,14.715
0,39.999999999999986,704.147465437788,190.19,2.6645352591003744E-14,41.474654377880185,2.0638402929679874E-15,14.715
0,39.999999999999986,704.147465437788,190.19,2.6645352591003744E-14,41.47465437788018,2.050081357681534E-15,14.715
0,39.999999999999986,704.147465437788,190.19,2.6645352591003744E-14,41.474654377880185,2.0364141486303236E-15,14.715
0,39.999999999999986,704.147465437788,190.19,2.6645352591003744E-14,41.47465437788018,2.0228380543061214E-15,14.715
0,39.999999999999986,704.147465437788,190.19,2.6645352591003744E-14,41.474654377880185,2.009352467277414E-15,14.715
0,39.999999999999986,704.147465437788,190.19,2.6645352591003744E-14,41.47465437788018,1.9959567841622313E-15,14.715
0,39.999999999999986,704.147465437788,190.19,2.6645352591003744E-14,41.474654377880185,1.9826504056011498E-15,14.715
0,39.999999999999986,704.147465437788,190.19,2.6645352591003744E-14,41.47465437788018,1.9694327362304755E-15,14.715
0,39.999999999999986,704.147465437788,190.19,2.6645352591003744E-14,41.474654377880185,1.956303184655606E-15,14.715
0,39.999999999999986,704.147465437788,190.19,2.6645352591003744E-14,41.47465437788018,1.9432611634245684E-15,14.715
0,39.999999999999986,704.147465437788,190.19,2.6645352591003744E-14,41.474654377880185,1.930306089001738E-15,14.715
0,39.999999999999986,704.147465437788,190.19,2.6645352591003744E-14,41.47465437788018,1.9174373817417263E-15,14.715
0,39.999999999999986,704.147465437788,190.19,2.6645352591003744E-14,41.474654377880185,1.904654465863448E-15,14.715
0,39.999999999999986,704.147465437788,190.19,2.6645352591003744E-14,41.47465437788018,1.8919567694243582E-15,14.715
0,39.999999999999986,704.147465437788,190.19,2.6645352591003744E-14,41.474654377880185,1.8793437242948625E-15,14.715
0,39.999999999999986,704.147465437788,190.19,2.6645352591003744E-14,41.47465437788018,1.8668147661328965E-15,14.715
0,39.999999999999986,704.147465437788,190.19,2.6645352591003744E-14,41.474654377880185,1.8543693343586773E-15,14.715
0,39.999999999999986,704.147465437788,190.19,2.6645352591003744E-14,41.47465437788018,1.8420068721296195E-15,14.715
0,39.999999999999986,704.147465437788,190.19,2.6645352591003744E-14,41.474654377880185,1.829726826315422E-15,14.715
0,39.999999999999986,704.147465437788,190.19,2.6645352591003744E-14,41.47465437788018,1.817528647473319E-15,14.715
0,39.999999999999986,704.147465437788,190.19,2.6645352591003744E-14,41.474654377880185,1.805411789823497E-15,14.715
0,39.999999999999986,704.147465437788,190.19,2.6645352591003744E-14,41.47465437788018,1.7933757112246738E-15,14.715
0,39.999999999999986,704.147465437788,190.19,2.6645352591003744E-14,41.474654377880185,1.7814198731498428E-15,14.715
0,39.999999999999986,704.147465437788,190.19,2.6645352591003744E-14,41.47465437788018,1.7695437406621772E-15,14.715
0,39.999999999999986,704.147465437788,190.19,2.6645352591003744E-14,41.474654377880185,2.231441939564496E-15,14.715000000000007
0,39.999999999999986,704.147465437788,190.19,2.6645352591003744E-14,41.47465437788018,2.2165656599673996E-15,14.715
0,39.999999999999986,704.147465437788,190.19,2.6645352591003744E-14,41.474654377880185,2.201788555567617E-15,14.715
0,39.999999999999986,704.147465437788,190.19,2.6645352591003744E-14,41.47465437788018,2.1871099651971665E-15,14.715
0,39.999999999999986,704.147465437788,190.19,2.6645352591003744E-14,41.474654377880185,2.172529232095852E-15,14.715
0,39.999999999999986,704.147465437788,190.19,2.6645352591003744E-14,41.47465437788018,2.1580457038818796E-15,14.715
0,39.999999999999986,704.147465437788,190.19,2.6645352591003744E-14,41.474654377880185,2.143658732522667E-15,14.715
0,39.999999999999986,704.147465437788,190.19,2.6645352591003744E-14,41.47465437788018,2.1293676743058495E-15,14.715
0,39.999999999999986,704.147465437788,190.19,2.6645352591003744E-14,41.474654377880185,2.115171889810477E-15,14.715
0,39.999999999999986,704.147465437788,190.19,2.6645352591003744E-14,41.47465437788018,2.1010707438784073E-15,14.715
0,39.999999999999986,704.147465437788,190.19,2.6645352591003744E-14,41.474654377880185,2.087063605585885E-15,14.715
0,39.999999999999986,704.147465437788,190.19,2.6645352591003744E-14,41.47465437788018,2.073149848215312E-15,14.715
0,39.999999999999986,704.147465437788,190.19,2.6645352591003744E-14,41.474654377880185,2.05932884922721E-15,14.715
0,39.999999999999986,704.147465437788,190.19,2.6645352591003744E-14,41.47465437788018,2.0455999902323617E-15,14.715
0,39.999999999999986,704.147465437788,190.19,2.6645352591003744E-14,41.474654377880185,2.031962656964146E-15,14.715
0,39.999999999999986,704.147465437788,190.19,2.6645352591003744E-14,41.47465437788018,2.0184162392510516E-15,14.715
0,39.999999999999986,704.147465437788,190.19,2.6645352591003744E-14,41.474654377880185,2.004960130989378E-15,14.715
0,39.999999999999986,704.147465437788,190.19,2.6645352591003744E-14,41.47465437788018,1.9915937301161154E-15,14.715
0,39.999999999999986,704.147465437788,190.19,2.6645352591003744E-14,41.474654377880185,1.978316438582008E-15,14.715
0,39.999999999999986,704.147465437788,190.19,2.6645352591003744E-14,41.47465437788018,1.9651276623247945E-15,14.715
0,39.999999999999986,704.147465437788,190.19,2.6645352591003744E-14,41.474654377880185,1.952026811242629E-15,14.715
0,39.999999999999986,704.147465437788,190.19,2.6645352591003744E-14,41.47465437788018,1.939013299167678E-15,14.715
0,39.999999999999986,704.147465437788,190.19,2.6645352591003744E-14,41.474654377880185,1.9260865438398936E-15,14.715
0,39.999999999999986,704.147465437788,190.19,2.6645352591003744E-14,41.47465437788018,1.913245966880961E-15,14.715
0,39.999999999999986,704.147465437788,190.19,2.6645352591003744E-14,41.474654377880185,1.9004909937684213E-15,14.715
0,39.999999999999986,704.147465437788,190.19,2.6645352591003744E-14,41.47465437788018,1.8878210538099652E-15,14.715
0,39.999999999999986,704.147465437788,190.19,2.6645352591003744E-14,41.474654377880185,1.875235580117899E-15,14.715
0,39.999999999999986,704.147465437788,190.19,2.6645352591003744E-14,41.47465437788018,1.8627340095837795E-15,14.715
0,39.999999999999986,704.147465437788,190.19,2.6645352591003744E-14,41.474654377880185,1.8503157828532208E-15,14.715
0,39.999999999999986,704.147465437788,190.19,2.6645352591003744E-14,41.47465437788018,1.837980344300866E-15,14.715
0,39.999999999999986,704.147465437788,190.19,2.6645352591003744E-14,41.474654377880185,1.825727142005527E-15,14.715
0,39.999999999999986,704.147465437788,190.19,2.6645352591003744E-14,41.47465437788018,1.8135556277254902E-15,14.715
0,39.999999999999986,704.147465437788,190.19,2.6645352591003744E-14,41.474654377880185,1.801465256873987E-15,14.715
0,39.999999999999986,704.147465437788,190.19,2.6645352591003744E-14,41.47465437788018,1.789455488494827E-15,14.715
0,39.999999999999986,704.147465437788,190.19,2.6645352591003744E-14,41.474654377880185,1.777525785238195E-15,14.715
0,39.999999999999986,704.147465437788,190.19,2.6645352591003744E-14,41.47465437788018,1.7656756133366068E-15,14.715
0,39.999999999999986,704.147465437788,190.19,2.6645352591003744E-14,41.474654377880185,2.2275995997544294E-15,14.715000000000007
0,39.999999999999986,704.147465437788,190.19,2.6645352591003744E-14,41.47465437788018,2.2127489357560665E-15,14.715
0,39.999999999999986,704.147465437788,190.19,2.6645352591003744E-14,41.474654377880185,2.1979972761843594E-15,14.715
0,39.999999999999986,704.147465437788,190.19,2.6645352591003744E-14,41.47465437788018,2.183343961009797E-15,14.715
0,39.999999999999986,704.147465437788,190.19,2.6645352591003744E-14,41.474654377880185,2.168788334603065E-15,14.715
0,39.999999999999986,704.147465437788,190.19,2.6645352591003744E-14,41.47465437788018,2.1543297457057115E-15,14.715
0,39.999999999999986,704.147465437788,190.19,2.6645352591003744E-14,41.474654377880185,2.1399675474010066E-15,14.715
0,39.999999999999986,704.147465437788,190.19,2.6645352591003744E-14,41.47465437788018,2.125701097085E-15,14.715
0,39.999999999999986,704.147465437788,190.19,2.6645352591003744E-14,41.474654377880185,2.1115297564377667E-15,14.715
0,39.999999999999986,704.147465437788,190.19,2.6645352591003744E-14,41.47465437788018,2.097452891394848E-15,14.715
0,39.999999999999986,704.147465437788,190.19,2.6645352591003744E-14,41.474654377880185,2.0834698721188823E-15,14.715
0,39.999999999999986,704.147465437788,190.19,2.6645352591003744E-14,41.47465437788018,2.0695800729714233E-15,14.715
0,39.999999999999986,704.147465437788,190.19,2.6645352591003744E-14,41.474654377880185,2.0557828724849473E-15,14.715
0,39.999999999999986,704.147465437788,190.19,2.6645352591003744E-14,41.47465437788018,2.0420776533350478E-15,14.715
0,39.999999999999986,704.147465437788,190.19,2.6645352591003744E-14,41.474654377880185,2.0284638023128143E-15,14.715
0,39.999999999999986,704.147465437788,190.19,2.6645352591003744E-14,41.47465437788018,2.0149407102973957E-15,14.715
0,39.999999999999986,704.147465437788,190.19,2.6645352591003744E-14,41.474654377880185,2.0015077722287463E-15,14.715
0,39.999999999999986,704.147465437788,190.19,2.6645352591003744E-14,41.47465437788018,1.9881643870805547E-15,14.715
0,39.999999999999986,704.147465437788,190.19,2.6645352591003744E-14,41.474654377880185,1.974909957833351E-15,14.715
0,39.999999999999986,704.147465437788,190.19,2.6645352591003744E-14,41.47465437788018,1.961743891447795E-15,14.715
0,39.999999999999986,704.147465437788,190.19,2.6645352591003744E-14,41.474654377880185,1.9486655988381433E-15,14.715
0,39.999999999999986,704.147465437788,190.19,2.6645352591003744E-14,41.47465437788018,1.935674494845889E-15,14.715
0,39.999999999999986,704.147465437788,190.19,2.6645352591003744E-14,41.474654377880185,1.922769998213583E-15,14.715
0,39.999999999999986,704.147465437788,190.19,2.6645352591003744E-14,41.47465437788018,1.9099515315588258E-15,14.715
0,39.999999999999986,704.147465437788,190.19,2.6645352591003744E-14,41.474654377880185,1.8972185213484334E-15,14.715
0,39.999999999999986,704.147465437788,190.19,2.6645352591003744E-14,41.47465437788018,1.884570397872777E-15,14.715
0,39.999999999999986,704.147465437788,190.19,2.6645352591003744E-14,41.474654377880185,1.872006595220292E-15,14.715
0,39.999999999999986,704.147465437788,190.19,2.6645352591003744E-14,41.47465437788018,1.8595265512521564E-15,14.715
0,39.999999999999986,704.147465437788,190.19,2.6645352591003744E-14,41.474654377880185,1.847129707577142E-15,14.715
0,39.999999999999986,704.147465437788,190.19,2.6645352591003744E-14,41.47465437788018,1.834815509526628E-15,14.715
0,39.999999999999986,704.147465437788,190.19,2.6645352591003744E-14,41.474654377880185,1.8225834061297836E-15,14.715
0,39.999999999999986,704.147465437788,190.19,2.6645352591003744E-14,41.47465437788018,1.8104328500889184E-15,14.715
0,39.999999999999986,704.147465437788,190.19,2.6645352591003744E-14,41.474654377880185,1.7983632977549923E-15,14.715
0,39.999999999999986,704.147465437788,190.19,2.6645352591003744E-14,41.47465437788018,1.7863742091032923E-15,14.715
0,39.999999999999986,704.147465437788,190.19,2.6645352591003744E-14,41.474654377880185,1.7744650477092703E-15,14.715
0,39.999999999999986,704.147465437788,190.19,2.6645352591003744E-14,41.47465437788018,2.2363304378979418E-15,14.715000000000007
0,39.999999999999986,704.147465437788,190.19,2.6645352591003744E-14,41.474654377880185,2.2214215683119554E-15,14.715
0,39.999999999999986,704.147465437788,190.19,2.6645352591003744E-14,41.47465437788018,2.2066120911898758E-15,14.715
0,39.999999999999986,704.147465437788,190.19,2.6645352591003744E-14,41.474654377880185,2.1919013439152766E-15,14.715
0,39.999999999999986,704.147465437788,190.19,2.6645352591003744E-14,41.47465437788018,2.1772886682891746E-15,14.715
0,39.999999999999986,704.147465437788,190.19,2.6645352591003744E-14,41.474654377880185,2.16277341050058E-15,14.715
0,39.999999999999986,704.147465437788,190.19,2.6645352591003744E-14,41.47465437788018,2.1483549210972426E-15,14.715
0,39.999999999999986,704.147465437788,190.19,2.6645352591003744E-14,41.474654377880185,2.134032554956594E-15,14.715
0,39.999999999999986,704.147465437788,190.19,2.6645352591003744E-14,41.47465437788018,2.1198056712568834E-15,14.715
0,39.999999999999986,704.147465437788,190.19,2.6645352591003744E-14,41.474654377880185,2.105673633448504E-15,14.715
0,39.999999999999986,704.147465437788,190.19,2.6645352591003744E-14,41.47465437788018,2.0916358092255143E-15,14.715
0,39.999999999999986,704.147465437788,190.19,2.6645352591003744E-14,41.474654377880185,2.0776915704973442E-15,14.715
0,39.999999999999986,704.147465437788,190.19,2.6645352591003744E-14,41.47465437788018,2.0638402933606953E-15,14.715
0,39.999999999999986,704.147465437788,190.19,2.6645352591003744E-14,41.474654377880185,2.050081358071624E-15,14.715
0,39.999999999999986,704.147465437788,190.19,2.6645352591003744E-14,41.47465437788018,2.0364141490178133E-15,14.715
0,39.999999999999986,704.147465437788,190.19,2.6645352591003744E-14,41.474654377880185,2.022838054691028E-15,14.715
0,39.999999999999986,704.147465437788,190.19,2.6645352591003744E-14,41.47465437788018,2.0093524676597543E-15,14.715
0,39.999999999999986,704.147465437788,190.19,2.6645352591003744E-14,41.474654377880185,1.995956784542023E-15,14.715
0,39.999999999999986,704.147465437788,190.19,2.6645352591003744E-14,41.47465437788018,1.9826504059784095E-15,14.715
0,39.999999999999986,704.147465437788,190.19,2.6645352591003744E-14,41.474654377880185,1.96943273660522E-15,14.715
0,39.999999999999986,704.147465437788,190.19,2.6645352591003744E-14,41.47465437788018,1.956303185027852E-15,14.715
0,39.999999999999986,704.147465437788,190.19,2.6645352591003744E-14,41.474654377880185,1.943261163794333E-15,14.715
0,39.999999999999986,704.147465437788,190.19,2.6645352591003744E-14,41.47465437788018,1.9303060893690374E-15,14.715
0,39.999999999999986,704.147465437788,190.19,2.6645352591003744E-14,41.474654377880185,1.9174373821065772E-15,14.715
0,39.999999999999986,704.147465437788,190.19,2.6645352591003744E-14,41.47465437788018,1.904654466225867E-15,14.715
0,39.999999999999986,704.147465437788,190.19,2.6645352591003744E-14,41.474654377880185,1.891956769784361E-15,14.715
0,39.999999999999986,704.147465437788,190.19,2.6645352591003744E-14,41.47465437788018,1.8793437246524654E-15,14.715
0,39.999999999999986,704.147465437788,190.19,2.6645352591003744E-14,41.474654377880185,1.8668147664881155E-15,14.715
0,39.999999999999986,704.147465437788,190.19,2.6645352591003744E-14,41.47465437788018,1.854369334711528E-15,14.715
0,39.999999999999986,704.147465437788,190.19,2.6645352591003744E-14,41.474654377880185,1.842006872480118E-15,14.715
0,39.999999999999986,704.147465437788,190.19,2.6645352591003744E-14,41.47465437788018,1.829726826663584E-15,14.715
0,39.999999999999986,704.147465437788,190.19,2.6645352591003744E-14,41.474654377880185,1.81752864781916E-15,14.715
0,39.999999999999986,704.147465437788,190.19,2.6645352591003744E-14,41.47465437788018,1.8054117901670326E-15,14.715
0,39.999999999999986,704.147465437788,190.19,2.6645352591003744E-14,41.474654377880185,1.7933757115659192E-15,14.715
0,39.999999999999986,704.147465437788,190.19,2.6645352591003744E-14,41.47465437788018,1.781419873488813E-15,14.715
0,39.999999999999986,704.147465437788,190.19,2.6645352591003744E-14,41.474654377880185,1.7695437409988877E-15,14.715
0,39.999999999999986,704.147465437788,190.19,2.6645352591003744E-14,41.47465437788018,2.2314419398989618E-15,14.715000000000007
0,39.999999999999986,704.147465437788,190.19,2.6645352591003744E-14,41.474654377880185,2.2165656602996354E-15,14.715
0,39.999999999999986,704.147465437788,190.19,2.6645352591003744E-14,41.47465437788018,2.201788555897638E-15,14.715
0,39.999999999999986,704.147465437788,190.19,2.6645352591003744E-14,41.474654377880185,2.187109965524987E-15,14.715
0,39.999999999999986,704.147465437788,190.19,2.6645352591003744E-14,41.47465437788018,2.172529232421487E-15,14.715
0,39.999999999999986,704.147465437788,190.19,2.6645352591003744E-14,41.474654377880185,2.1580457042053437E-15,14.715
0,39.999999999999986,704.147465437788,190.19,2.6645352591003744E-14,41.47465437788018,2.143658732843975E-15,14.715
0,39.999999999999986,704.147465437788,190.19,2.6645352591003744E-14,41.474654377880185,2.129367674625015E-15,14.715
0,39.999999999999986,704.147465437788,190.19,2.6645352591003744E-14,41.47465437788018,2.115171890127515E-15,14.715
0,39.999999999999986,704.147465437788,190.19,2.6645352591003744E-14,41.474654377880185,2.1010707441933316E-15,14.715
0,39.999999999999986,704.147465437788,190.19,2.6645352591003744E-14,41.47465437788018,2.0870636058987096E-15,14.715
0,39.999999999999986,704.147465437788,190.19,2.6645352591003744E-14,41.474654377880185,2.0731498485260515E-15,14.715
0,39.999999999999986,704.147465437788,190.19,2.6645352591003744E-14,41.47465437788018,2.0593288495358777E-15,14.715
0,39.999999999999986,704.147465437788,190.19,2.6645352591003744E-14,41.474654377880185,2.045599990538972E-15,14.715
0,39.999999999999986,704.147465437788,190.19,2.6645352591003744E-14,41.47465437788018,2.031962657268712E-15,14.715
0,39.999999999999986,704.147465437788,190.19,2.6645352591003744E-14,41.474654377880185,2.0184162395535872E-15,14.715
0,39.999999999999986,704.147465437788,190.19,2.6645352591003744E-14,41.47465437788018,2.0049601312898966E-15,14.715
0,39.999999999999986,704.147465437788,190.19,2.6645352591003744E-14,41.474654377880185,1.9915937304146306E-15,14.715
0,39.999999999999986,704.147465437788,190.19,2.6645352591003744E-14,41.47465437788018,1.9783164388785333E-15,14.715
0,39.999999999999986,704.147465437788,190.19,2.6645352591003744E-14,41.474654377880185,1.965127662619343E-15,14.715
0,39.999999999999986,704.147465437788,190.19,2.6645352591003744E-14,41.47465437788018,1.952026811535214E-15,14.715
0,39.999999999999986,704.147465437788,190.19,2.6645352591003744E-14,41.474654377880185,1.9390132994583126E-15,14.715
0,39.999999999999986,704.147465437788,190.19,2.6645352591003744E-14,41.47465437788018,1.9260865441285907E-15,14.715
0,39.999999999999986,704.147465437788,190.19,2.6645352591003744E-14,41.474654377880185,1.9132459671677334E-15,14.715
0,39.999999999999986,704.147465437788,190.19,2.6645352591003744E-14,41.47465437788018,1.9004909940532818E-15,14.715
0,39.999999999999986,704.147465437788,190.19,2.6645352591003744E-14,41.474654377880185,1.8878210540929265E-15,14.715
0,39.999999999999986,704.147465437788,190.19,2.6645352591003744E-14,41.47465437788018,1.8752355803989736E-15,14.715
0,39.999999999999986,704.147465437788,190.19,2.6645352591003744E-14,41.474654377880185,1.8627340098629803E-15,14.715
0,39.999999999999986,704.147465437788,190.19,2.6645352591003744E-14,41.47465437788018,1.8503157831305602E-15,14.715
0,39.999999999999986,704.147465437788,190.19,2.6645352591003744E-14,41.474654377880185,1.8379803445763563E-15,14.715
0,39.999999999999986,704.147465437788,190.19,2.6645352591003744E-14,41.47465437788018,1.8257271422791808E-15,14.715
0,39.999999999999986,704.147465437788,190.19,2.6645352591003744E-14,41.474654377880185,1.8135556279973194E-15,14.715
0,39.999999999999986,704.147465437788,190.19,2.6645352591003744E-14,41.47465437788018,1.801465257144004E-15,14.715
0,39.999999999999986,704.147465437788,190.19,2.6645352591003744E-14,41.474654377880185,1.789455488763044E-15,14.715
0,39.999999999999986,704.147465437788,190.19,2.6645352591003744E-14,41.47465437788018,1.777525785504624E-15,14.715
0,39.999999999999986,704.147465437788,190.19,2.6645352591003744E-14,41.474654377880185,1.7656756136012598E-15,14.715
0,39.999999999999986,704.147465437788,190.19,2.6645352591003744E-14,41.47465437788018,2.227599600017318E-15,14.715000000000007
0,39.999999999999986,704.147465437788,190.19,2.6645352591003744E-14,41.474654377880185,2.2127489360172027E-15,14.715
0,39.999999999999986,704.147465437788,190.19,2.6645352591003744E-14,41.47465437788018,2.1979972764437546E-15,14.715
0,39.999999999999986,704.147465437788,190.19,2.6645352591003744E-14,41.474654377880185,2.183343961267463E-15,14.715
0,39.999999999999986,704.147465437788,190.19,2.6645352591003744E-14,41.47465437788018,2.1687883348590134E-15,14.715
0,39.999999999999986,704.147465437788,190.19,2.6645352591003744E-14,41.474654377880185,2.1543297459599535E-15,14.715
0,39.999999999999986,704.147465437788,190.19,2.6645352591003744E-14,41.47465437788018,2.1399675476535537E-15,14.715
0,39.999999999999986,704.147465437788,190.19,2.6645352591003744E-14,41.474654377880185,2.1257010973358633E-15,14.715
0,39.999999999999986,704.147465437788,190.19,2.6645352591003744E-14,41.47465437788018,2.1115297566869576E-15,14.715
0,39.999999999999986,704.147465437788,190.19,2.6645352591003744E-14,41.474654377880185,2.0974528916423777E-15,14.715
0,39.999999999999986,704.147465437788,190.19,2.6645352591003744E-14,41.47465437788018,2.083469872364762E-15,14.715
0,39.999999999999986,704.147465437788,190.19,2.6645352591003744E-14,41.474654377880185,2.0695800732156637E-15,14.715
0,39.999999999999986,704.147465437788,190.19,2.6645352591003744E-14,41.47465437788018,2.055782872727559E-15,14.715
0,39.999999999999986,704.147465437788,190.19,2.6645352591003744E-14,41.474654377880185,2.042077653576042E-15,14.715
0,39.999999999999986,704.147465437788,190.19,2.6645352591003744E-14,41.47465437788018,2.0284638025522016E-15,14.715
0,39.999999999999986,704.147465437788,190.19,2.6645352591003744E-14,41.474654377880185,2.014940710535187E-15,14.715
0,39.999999999999986,704.147465437788,190.19,2.6645352591003744E-14,41.47465437788018,2.0015077724649526E-15,14.715
0,39.999999999999986,704.147465437788,190.19,2.6645352591003744E-14,41.474654377880185,1.988164387315186E-15,14.715
0,39.999999999999986,704.147465437788,190.19,2.6645352591003744E-14,41.47465437788018,1.9749099580664183E-15,14.715
0,39.999999999999986,704.147465437788,190.19,2.6645352591003744E-14,41.474654377880185,1.961743891679309E-15,14.715
0,39.999999999999986,704.147465437788,190.19,2.6645352591003744E-14,41.47465437788018,1.9486655990681133E-15,14.715
0,39.999999999999986,704.147465437788,190.19,2.6645352591003744E-14,41.474654377880185,1.935674495074326E-15,14.715
0,39.999999999999986,704.147465437788,190.19,2.6645352591003744E-14,41.47465437788018,1.922769998440497E-15,14.715
0,39.999999999999986,704.147465437788,190.19,2.6645352591003744E-14,41.474654377880185,1.909951531784227E-15,14.715
0,39.999999999999986,704.147465437788,190.19,2.6645352591003744E-14,41.47465437788018,1.8972185215723323E-15,14.715
0,39.999999999999986,704.147465437788,190.19,2.6645352591003744E-14,41.474654377880185,1.8845703980951834E-15,14.715
0,39.999999999999986,704.147465437788,190.19,2.6645352591003744E-14,41.47465437788018,1.8720065954412155E-15,14.715
0,39.999999999999986,704.147465437788,190.19,2.6645352591003744E-14,41.474654377880185,1.8595265514716073E-15,14.715
0,39.999999999999986,704.147465437788,190.19,2.6645352591003744E-14,41.47465437788018,1.84712970779513E-15,14.715
0,39.999999999999986,704.147465437788,190.19,2.6645352591003744E-14,41.474654377880185,1.8348155097431624E-15,14.715
0,39.999999999999986,704.147465437788,190.19,2.6645352591003744E-14,41.47465437788018,1.822583406344875E-15,14.715
0,39.999999999999986,704.147465437788,190.19,2.6645352591003744E-14,41.474654377880185,1.8104328503025755E-15,14.715
0,39.999999999999986,704.147465437788,190.19,2.6645352591003744E-14,41.47465437788018,1.798363297967225E-15,14.715
0,39.999999999999986,704.147465437788,190.19,2.6645352591003744E-14,41.474654377880185,1.7863742093141102E-15,14.715
0,39.999999999999986,704.147465437788,190.19,2.6645352591003744E-14,41.47465437788018,1.7744650479186827E-15,14.715
0,39.999999999999986,704.147465437788,190.19,2.6645352591003744E-14,41.474654377880185,2.236330438105958E-15,14.715000000000007
0,39.999999999999986,704.147465437788,190.19,2.6645352591003744E-14,41.47465437788018,2.221421568518585E-15,14.715
0,39.999999999999986,704.147465437788,190.19,2.6645352591003744E-14,41.474654377880185,2.2066120913951275E-15,14.715
0,39.999999999999986,704.147465437788,190.19,2.6645352591003744E-14,41.47465437788018,2.19190134411916E-15,14.715
0,39.999999999999986,704.147465437788,190.19,2.6645352591003744E-14,41.474654377880185,2.177288668491699E-15,14.715
0,39.999999999999986,704.147465437788,190.19,2.6645352591003744E-14,41.47465437788018,2.162773410701754E-15,14.715
0,39.999999999999986,704.147465437788,190.19,2.6645352591003744E-14,41.474654377880185,2.1483549212970757E-15,14.715
0,39.999999999999986,704.147465437788,190.19,2.6645352591003744E-14,41.47465437788018,2.1340325551550952E-15,14.715
0,39.999999999999986,704.147465437788,190.19,2.6645352591003744E-14,41.474654377880185,2.119805671454061E-15,14.715
0,39.999999999999986,704.147465437788,190.19,2.6645352591003744E-14,41.47465437788018,2.1056736336443673E-15,14.715
0,39.999999999999986,704.147465437788,190.19,2.6645352591003744E-14,41.474654377880185,2.0916358094200714E-15,14.715
0,39.999999999999986,704.147465437788,190.19,2.6645352591003744E-14,41.47465437788018,2.0776915706906045E-15,14.715
0,39.999999999999986,704.147465437788,190.19,2.6645352591003744E-14,41.474654377880185,2.063840293552667E-15,14.715
0,39.999999999999986,704.147465437788,190.19,2.6645352591003744E-14,41.47465437788018,2.050081358262316E-15,14.715
0,39.999999999999986,704.147465437788,190.19,2.6645352591003744E-14,41.474654377880185,2.0364141492072338E-15,14.715
0,39.999999999999986,704.147465437788,190.19,2.6645352591003744E-14,41.47465437788018,2.0228380548791855E-15,14.715
0,39.999999999999986,704.147465437788,190.19,2.6645352591003744E-14,41.474654377880185,2.0093524678466576E-15,14.715
0,39.999999999999986,704.147465437788,190.19,2.6645352591003744E-14,41.47465437788018,1.9959567847276797E-15,14.715
0,39.999999999999986,704.147465437788,190.19,2.6645352591003744E-14,41.474654377880185,1.9826504061628286E-15,14.715
0,39.999999999999986,704.147465437788,190.19,2.6645352591003744E-14,41.47465437788018,1.9694327367884096E-15,14.715
0,39.999999999999986,704.147465437788,190.19,2.6645352591003744E-14,41.474654377880185,1.95630318520982E-15,14.715
0,39.999999999999986,704.147465437788,190.19,2.6645352591003744E-14,41.47465437788018,1.943261163975088E-15,14.715
0,39.999999999999986,704.147465437788,190.19,2.6645352591003744E-14,41.474654377880185,1.9303060895485873E-15,14.715
0,39.999999999999986,704.147465437788,190.19,2.6645352591003744E-14,41.47465437788018,1.91743738228493E-15,14.715
0,39.999999999999986,704.147465437788,190.19,2.6645352591003744E-14,41.474654377880185,1.9046544664030304E-15,14.715
0,39.999999999999986,704.147465437788,190.19,2.6645352591003744E-14,41.47465437788018,1.8919567699603434E-15,14.715
0,39.999999999999986,704.147465437788,190.19,2.6645352591003744E-14,41.474654377880185,1.8793437248272746E-15,14.715
0,39.999999999999986,704.147465437788,190.19,2.6645352591003744E-14,41.47465437788018,1.8668147666617595E-15,14.715
0,39.999999999999986,704.147465437788,190.19,2.6645352591003744E-14,41.474654377880185,1.8543693348840145E-15,14.715
0,39.999999999999986,704.147465437788,190.19,2.6645352591003744E-14,41.47465437788018,1.8420068726514545E-15,14.715
0,39.999999999999986,704.147465437788,190.19,2.6645352591003744E-14,41.474654377880185,1.8297268268337782E-15,14.715
0,39.999999999999986,704.147465437788,190.19,2.6645352591003744E-14,41.47465437788018,1.8175286479882197E-15,14.715
0,39.999999999999986,704.147465437788,190.19,2.6645352591003744E-14,41.474654377880185,1.805411790334965E-15,14.715
0,39.999999999999986,704.147465437788,190.19,2.6645352591003744E-14,41.47465437788018,1.7933757117327317E-15,14.715
0,39.999999999999986,704.147465437788,190.19,2.6645352591003744E-14,41.474654377880185,1.7814198736545134E-15,14.715
0,39.999999999999986,704.147465437788,190.19,2.6645352591003744E-14,41.47465437788018,1.7695437411634833E-15,14.715
0,39.999999999999986,704.147465437788,190.19,2.6645352591003744E-14,41.474654377880185,2.2314419400624603E-15,14.715000000000007
0,39.999999999999986,704.147465437788,190.19,2.6645352591003744E-14,41.47465437788018,2.2165656604620438E-15,14.715
0,39.999999999999986,704.147465437788,190.19,2.6645352591003744E-14,41.474654377880185,2.2017885560589634E-15,14.715
0,39.999999999999986,704.147465437788,190.19,2.6645352591003744E-14,41.47465437788018,2.187109965685237E-15,14.715
0,39.999999999999986,704.147465437788,190.19,2.6645352591003744E-14,41.474654377880185,2.172529232580669E-15,14.715
0,39.999999999999986,704.147465437788,190.19,2.6645352591003744E-14,41.47465437788018,2.1580457043634646E-15,14.715
0,39.999999999999986,704.147465437788,190.19,2.6645352591003744E-14,41.474654377880185,2.1436587330010415E-15,14.715
0,39.999999999999986,704.147465437788,190.19,2.6645352591003744E-14,41.47465437788018,2.1293676747810345E-15,14.715
0,39.999999999999986,704.147465437788,190.19,2.6645352591003744E-14,41.474654377880185,2.1151718902824943E-15,14.715
0,39.999999999999986,704.147465437788,190.19,2.6645352591003744E-14,41.47465437788018,2.101070744347278E-15,14.715
0,39.999999999999986,704.147465437788,190.19,2.6645352591003744E-14,41.474654377880185,2.0870636060516295E-15,14.715
0,39.999999999999986,704.147465437788,190.19,2.6645352591003744E-14,41.47465437788018,2.0731498486779518E-15,14.715
0,39.999999999999986,704.147465437788,190.19,2.6645352591003744E-14,41.474654377880185,2.0593288496867655E-15,14.715
0,39.999999999999986,704.147465437788,190.19,2.6645352591003744E-14,41.47465437788018,2.045599990688854E-15,14.715
0,39.999999999999986,704.147465437788,190.19,2.6645352591003744E-14,41.474654377880185,2.0319626574175947E-15,14.715
0,39.999999999999986,704.147465437788,190.19,2.6645352591003744E-14,41.47465437788018,2.0184162397014773E-15,14.715
0,39.999999999999986,704.147465437788,190.19,2.6645352591003744E-14,41.474654377880185,2.004960131436801E-15,14.715
0,39.999999999999986,704.147465437788,190.19,2.6645352591003744E-14,41.47465437788018,1.9915937305605557E-15,14.715
0,39.999999999999986,704.147465437788,190.19,2.6645352591003744E-14,41.474654377880185,1.9783164390234853E-15,14.715
0,39.999999999999986,704.147465437788,190.19,2.6645352591003744E-14,41.47465437788018,1.9651276627633285E-15,14.715
0,39.999999999999986,704.147465437788,190.19,2.6645352591003744E-14,41.474654377880185,1.9520268116782397E-15,14.715
0,39.999999999999986,704.147465437788,190.19,2.6645352591003744E-14,41.47465437788018,1.939013299600385E-15,14.715
0,39.999999999999986,704.147465437788,190.19,2.6645352591003744E-14,41.474654377880185,1.9260865442697155E-15,14.715
0,39.999999999999986,704.147465437788,190.19,2.6645352591003744E-14,41.47465437788018,1.9132459673079175E-15,14.715
0,39.999999999999986,704.147465437788,190.19,2.6645352591003744E-14,41.474654377880185,1.9004909941925315E-15,14.715
0,39.999999999999986,704.147465437788,190.19,2.6645352591003744E-14,41.47465437788018,1.887821054231248E-15,14.715
0,39.999999999999986,704.147465437788,190.19,2.6645352591003744E-14,41.474654377880185,1.875235580536373E-15,14.715
0,39.999999999999986,704.147465437788,190.19,2.6645352591003744E-14,41.47465437788018,1.862734009999464E-15,14.715
0,39.999999999999986,704.147465437788,190.19,2.6645352591003744E-14,41.474654377880185,1.8503157832661342E-15,14.715
0,39.999999999999986,704.147465437788,190.19,2.6645352591003744E-14,41.47465437788018,1.8379803447110267E-15,14.715
0,39.999999999999986,704.147465437788,190.19,2.6645352591003744E-14,41.474654377880185,1.825727142412953E-15,14.715
0,39.999999999999986,704.147465437788,190.19,2.6645352591003744E-14,41.47465437788018,1.8135556281302E-15,14.715
0,39.999999999999986,704.147465437788,190.19,2.6645352591003744E-14,41.474654377880185,1.8014652572759987E-15,14.715
0,39.999999999999986,704.147465437788,190.19,2.6645352591003744E-14,41.47465437788018,1.7894554888941587E-15,14.715
0,39.999999999999986,704.147465437788,190.19,2.6645352591003744E-14,41.474654377880185,1.7775257856348645E-15,14.715
0,39.999999999999986,704.147465437788,190.19,2.6645352591003744E-14,41.47465437788018,1.765675613730632E-15,14.715
0,39.999999999999986,704.147465437788,190.19,2.6645352591003744E-14,41.474654377880185,2.227599600145828E-15,14.715000000000007
0,39.999999999999986,704.147465437788,190.19,2.6645352591003744E-14,41.47465437788018,2.2127489361448558E-15,14.715
0,39.999999999999986,704.147465437788,190.19,2.6645352591003744E-14,41.474654377880185,2.197997276570557E-15,14.715
0,39.999999999999986,704.147465437788,190.19,2.6645352591003744E-14,41.47465437788018,2.18334396139342E-15,14.715
0,39.999999999999986,704.147465437788,190.19,2.6645352591003744E-14,41.474654377880185,2.1687883349841307E-15,14.715
0,39.999999999999986,704.147465437788,190.19,2.6645352591003744E-14,41.47465437788018,2.1543297460842365E-15,14.715
0,39.999999999999986,704.147465437788,190.19,2.6645352591003744E-14,41.474654377880185,2.1399675477770085E-15,14.715
0,39.999999999999986,704.147465437788,190.19,2.6645352591003744E-14,41.47465437788018,2.1257010974584953E-15,14.715
0,39.999999999999986,704.147465437788,190.19,2.6645352591003744E-14,41.474654377880185,2.111529756808772E-15,14.715
0,39.999999999999986,704.147465437788,190.19,2.6645352591003744E-14,41.47465437788018,2.0974528917633803E-15,14.715
0,39.999999999999986,704.147465437788,190.19,2.6645352591003744E-14,41.474654377880185,2.083469872484958E-15,14.715
0,39.999999999999986,704.147465437788,190.19,2.6645352591003744E-14,41.47465437788018,2.069580073335058E-15,14.715
0,39.999999999999986,704.147465437788,190.19,2.6645352591003744E-14,41.474654377880185,2.0557828728461576E-15,14.715
0,39.999999999999986,704.147465437788,190.19,2.6645352591003744E-14,41.47465437788018,2.0420776536938497E-15,14.715
0,39.999999999999986,704.147465437788,190.19,2.6645352591003744E-14,41.474654377880185,2.028463802669224E-15,14.715
0,39.999999999999986,704.147465437788,190.19,2.6645352591003744E-14,41.47465437788018,2.0149407106514293E-15,14.715
0,39.999999999999986,704.147465437788,190.19,2.6645352591003744E-14,41.474654377880185,2.0015077725804197E-15,14.715
0,39.999999999999986,704.147465437788,190.19,2.6645352591003744E-14,41.47465437788018,1.9881643874298836E-15,14.715
0,39.999999999999986,704.147465437788,190.19,2.6645352591003744E-14,41.474654377880185,1.974909958180351E-15,14.715
0,39.999999999999986,704.147465437788,190.19,2.6645352591003744E-14,41.47465437788018,1.961743891792482E-15,14.715
0,39.999999999999986,704.147465437788,190.19,2.6645352591003744E-14,41.474654377880185,1.9486655991805323E-15,14.715
0,39.999999999999986,704.147465437788,190.19,2.6645352591003744E-14,41.47465437788018,1.9356744951859954E-15,14.715
0,39.999999999999986,704.147465437788,190.19,2.6645352591003744E-14,41.474654377880185,1.922769998551422E-15,14.715
0,39.999999999999986,704.147465437788,190.19,2.6645352591003744E-14,41.47465437788018,1.9099515318944127E-15,14.715
0,39.999999999999986,704.147465437788,190.19,2.6645352591003744E-14,41.474654377880185,1.897218521681783E-15,14.715
0,39.999999999999986,704.147465437788,190.19,2.6645352591003744E-14,41.47465437788018,1.8845703982039046E-15,14.715
0,39.999999999999986,704.147465437788,190.19,2.6645352591003744E-14,41.474654377880185,1.872006595549212E-15,14.715
0,39.999999999999986,704.147465437788,190.19,2.6645352591003744E-14,41.47465437788018,1.859526551578884E-15,14.715
0,39.999999999999986,704.147465437788,190.19,2.6645352591003744E-14,41.474654377880185,1.8471297079016917E-15,14.715
0,39.999999999999986,704.147465437788,190.19,2.6645352591003744E-14,41.47465437788018,1.8348155098490137E-15,14.715
0,39.999999999999986,704.147465437788,190.19,2.6645352591003744E-14,41.474654377880185,1.82258340645002E-15,14.715
0,39.999999999999986,704.147465437788,190.19,2.6645352591003744E-14,41.47465437788018,1.81043285040702E-15,14.715
0,39.999999999999986,704.147465437788,190.19,2.6645352591003744E-14,41.474654377880185,1.798363298070973E-15,14.715
0,39.999999999999986,704.147465437788,190.19,2.6645352591003744E-14,41.47465437788018,1.7863742094171666E-15,14.715
0,39.999999999999986,704.147465437788,190.19,2.6645352591003744E-14,41.474654377880185,1.7744650480210522E-15,14.715
0,39.999999999999986,704.147465437788,190.19,2.6645352591003744E-14,41.47465437788018,2.2363304382076454E-15,14.715000000000007
0,39.999999999999986,704.147465437788,190.19,2.6645352591003744E-14,41.474654377880185,2.2214215686195946E-15,14.715
0,39.999999999999986,704.147465437788,190.19,2.6645352591003744E-14,41.47465437788018,2.206612091495464E-15,14.715
0,39.999999999999986,704.147465437788,190.19,2.6645352591003744E-14,41.474654377880185,2.1919013442188275E-15,14.715
0,39.999999999999986,704.147465437788,190.19,2.6645352591003744E-14,41.47465437788018,2.177288668590702E-15,14.715
0,39.999999999999986,704.147465437788,190.19,2.6645352591003744E-14,41.474654377880185,2.1627734108000975E-15,14.715
0,39.999999999999986,704.147465437788,190.19,2.6645352591003744E-14,41.47465437788018,2.1483549213947635E-15,14.715
0,39.999999999999986,704.147465437788,190.19,2.6645352591003744E-14,41.474654377880185,2.1340325552521318E-15,14.715
0,39.999999999999986,704.147465437788,190.19,2.6645352591003744E-14,41.47465437788018,2.119805671550451E-15,14.715
0,39.999999999999986,704.147465437788,190.19,2.6645352591003744E-14,41.474654377880185,2.1056736337401145E-15,14.715
0,39.999999999999986,704.147465437788,190.19,2.6645352591003744E-14,41.47465437788018,2.0916358095151805E-15,14.715
0,39.999999999999986,704.147465437788,190.19,2.6645352591003744E-14,41.474654377880185,2.0776915707850793E-15,14.715
0,39.999999999999986,704.147465437788,190.19,2.6645352591003744E-14,41.47465437788018,2.063840293646512E-15,14.715
0,39.999999999999986,704.147465437788,190.19,2.6645352591003744E-14,41.474654377880185,2.050081358355535E-15,14.715
0,39.999999999999986,704.147465437788,190.19,2.6645352591003744E-14,41.47465437788018,2.0364141492998315E-15,14.715
0,39.999999999999986,704.147465437788,190.19,2.6645352591003744E-14,41.474654377880185,2.022838054971166E-15,14.715
0,39.999999999999986,704.147465437788,190.19,2.6645352591003744E-14,41.47465437788018,2.0093524679380246E-15,14.715
0,39.999999999999986,704.147465437788,190.19,2.6645352591003744E-14,41.474654377880185,1.9959567848184377E-15,14.715
0,39.999999999999986,704.147465437788,190.19,2.6645352591003744E-14,41.47465437788018,1.9826504062529816E-15,14.715
0,39.999999999999986,704.147465437788,190.19,2.6645352591003744E-14,41.474654377880185,1.969432736877962E-15,14.715
0,39.999999999999986,704.147465437788,190.19,2.6645352591003744E-14,41.47465437788018,1.9563031852987756E-15,14.715
0,39.999999999999986,704.147465437788,190.19,2.6645352591003744E-14,41.474654377880185,1.9432611640634503E-15,14.715
0,39.999999999999986,704.147465437788,190.19,2.6645352591003744E-14,41.47465437788018,1.9303060896363607E-15,14.715
0,39.999999999999986,704.147465437788,190.19,2.6645352591003744E-14,41.474654377880185,1.917437382372118E-15,14.715
0,39.999999999999986,704.147465437788,190.19,2.6645352591003744E-14,41.47465437788018,1.9046544664896375E-15,14.715
0,39.999999999999986,704.147465437788,190.19,2.6645352591003744E-14,41.474654377880185,1.891956770046373E-15,14.715
0,39.999999999999986,704.147465437788,190.19,2.6645352591003744E-14,41.47465437788018,1.8793437249127307E-15,14.715
0,39.999999999999986,704.147465437788,190.19,2.6645352591003744E-14,41.474654377880185,1.8668147667466457E-15,14.715
0,39.999999999999986,704.147465437788,190.19,2.6645352591003744E-14,41.47465437788018,1.8543693349683346E-15,14.715
0,39.999999999999986,704.147465437788,190.19,2.6645352591003744E-14,41.474654377880185,1.8420068727352126E-15,14.715
0,39.999999999999986,704.147465437788,190.19,2.6645352591003744E-14,41.47465437788018,1.8297268269169778E-15,14.715
0,39.999999999999986,704.147465437788,190.19,2.6645352591003744E-14,41.474654377880185,1.8175286480708647E-15,14.715
0,39.999999999999986,704.147465437788,190.19,2.6645352591003744E-14,41.47465437788018,1.805411790417059E-15,14.715
0,39.999999999999986,704.147465437788,190.19,2.6645352591003744E-14,41.474654377880185,1.7933757118142787E-15,14.715
0,39.999999999999986,704.147465437788,190.19,2.6645352591003744E-14,41.47465437788018,1.7814198737355168E-15,14.715
0,39.999999999999986,704.147465437788,190.19,2.6645352591003744E-14,41.474654377880185,1.7695437412439467E-15,14.715
0,39.999999999999986,704.147465437788,190.19,2.6645352591003744E-14,41.47465437788018,2.2314419401423873E-15,14.715000000000007
0,39.999999999999986,704.147465437788,190.19,2.6645352591003744E-14,41.474654377880185,2.216565660541438E-15,14.715
0,39.999999999999986,704.147465437788,190.19,2.6645352591003744E-14,41.47465437788018,2.2017885561378282E-15,14.715
0,39.999999999999986,704.147465437788,190.19,2.6645352591003744E-14,41.474654377880185,2.187109965763576E-15,14.715
0,39.999999999999986,704.147465437788,190.19,2.6645352591003744E-14,41.47465437788018,2.1725292326584857E-15,14.715
0,39.999999999999986,704.147465437788,190.19,2.6645352591003744E-14,41.474654377880185,2.1580457044407623E-15,14.715
0,39.999999999999986,704.147465437788,190.19,2.6645352591003744E-14,41.47465437788018,2.143658733077824E-15,14.715
0,39.999999999999986,704.147465437788,190.19,2.6645352591003744E-14,41.474654377880185,2.129367674857305E-15,14.715
0,39.999999999999986,704.147465437788,190.19,2.6645352591003744E-14,41.47465437788018,2.1151718903582565E-15,14.715
0,39.999999999999986,704.147465437788,190.19,2.6645352591003744E-14,41.474654377880185,2.1010707444225348E-15,14.715
0,39.999999999999986,704.147465437788,190.19,2.6645352591003744E-14,41.47465437788018,2.0870636061263847E-15,14.715
0,39.999999999999986,704.147465437788,190.19,2.6645352591003744E-14,41.474654377880185,2.073149848752209E-15,14.715
0,39.999999999999986,704.147465437788,190.19,2.6645352591003744E-14,41.47465437788018,2.0593288497605276E-15,14.715
0,39.999999999999986,704.147465437788,190.19,2.6645352591003744E-14,41.474654377880185,2.045599990762124E-15,14.715
0,39.999999999999986,704.147465437788,190.19,2.6645352591003744E-14,41.47465437788018,2.0319626574903766E-15,14.715
0,39.999999999999986,704.147465437788,190.19,2.6645352591003744E-14,41.474654377880185,2.018416239773774E-15,14.715
0,39.999999999999986,704.147465437788,190.19,2.6645352591003744E-14,41.47465437788018,2.0049601315086157E-15,14.715
0,39.999999999999986,704.147465437788,190.19,2.6645352591003744E-14,41.474654377880185,1.9915937306318916E-15,14.715
0,39.999999999999986,704.147465437788,190.19,2.6645352591003744E-14,41.47465437788018,1.9783164390943455E-15,14.715
0,39.999999999999986,704.147465437788,190.19,2.6645352591003744E-14,41.474654377880185,1.9651276628337166E-15,14.715
0,39.999999999999986,704.147465437788,190.19,2.6645352591003744E-14,41.47465437788018,1.9520268117481584E-15,14.715
0,39.999999999999986,704.147465437788,190.19,2.6645352591003744E-14,41.474654377880185,1.9390132996698374E-15,14.715
0,39.999999999999986,704.147465437788,190.19,2.6645352591003744E-14,41.47465437788018,1.926086544338705E-15,14.715
0,39.999999999999986,704.147465437788,190.19,2.6645352591003744E-14,41.474654377880185,1.913245967376447E-15,14.715
0,39.999999999999986,704.147465437788,190.19,2.6645352591003744E-14,41.47465437788018,1.900490994260604E-15,14.715
0,39.999999999999986,704.147465437788,190.19,2.6645352591003744E-14,41.474654377880185,1.8878210542988665E-15,14.715
0,39.999999999999986,704.147465437788,190.19,2.6645352591003744E-14,41.47465437788018,1.8752355806035406E-15,14.715
0,39.999999999999986,704.147465437788,190.19,2.6645352591003744E-14,41.474654377880185,1.8627340100661837E-15,14.715
0,39.999999999999986,704.147465437788,190.19,2.6645352591003744E-14,41.47465437788018,1.8503157833324092E-15,14.715
0,39.999999999999986,704.147465437788,190.19,2.6645352591003744E-14,41.474654377880185,1.83798034477686E-15,14.715
0,39.999999999999986,704.147465437788,190.19,2.6645352591003744E-14,41.47465437788018,1.8257271424783477E-15,14.715
0,39.999999999999986,704.147465437788,190.19,2.6645352591003744E-14,41.474654377880185,1.8135556281951587E-15,14.715
0,39.999999999999986,704.147465437788,190.19,2.6645352591003744E-14,41.47465437788018,1.8014652573405244E-15,14.715
0,39.999999999999986,704.147465437788,190.19,2.6645352591003744E-14,41.474654377880185,1.789455488958254E-15,14.715
0,39.999999999999986,704.147465437788,190.19,2.6645352591003744E-14,41.47465437788018,1.7775257856985323E-15,14.715
0,39.999999999999986,704.147465437788,190.19,2.6645352591003744E-14,41.474654377880185,1.7656756137938754E-15,14.715
0,39.999999999999986,704.147465437788,190.19,2.6645352591003744E-14,41.47465437788018,2.2275996002086496E-15,14.715000000000007
0,39.999999999999986,704.147465437788,190.19,2.6645352591003744E-14,41.474654377880185,2.2127489362072586E-15,14.715
0,39.999999999999986,704.147465437788,190.19,2.6645352591003744E-14,41.47465437788018,2.1979972766325436E-15,14.715
0,39.999999999999986,704.147465437788,190.19,2.6645352591003744E-14,41.474654377880185,2.1833439614549934E-15,14.715
0,39.999999999999986,704.147465437788,190.19,2.6645352591003744E-14,41.47465437788018,2.1687883350452934E-15,14.715
0,39.999999999999986,704.147465437788,190.19,2.6645352591003744E-14,41.474654377880185,2.1543297461449915E-15,14.715
0,39.999999999999986,704.147465437788,190.19,2.6645352591003744E-14,41.47465437788018,2.1399675478373583E-15,14.715
0,39.999999999999986,704.147465437788,190.19,2.6645352591003744E-14,41.474654377880185,2.1257010975184428E-15,14.715
0,39.999999999999986,704.147465437788,190.19,2.6645352591003744E-14,41.47465437788018,2.11152975686832E-15,14.715
0,39.999999999999986,704.147465437788,190.19,2.6645352591003744E-14,41.474654377880185,2.097452891822531E-15,14.715
0,39.999999999999986,704.147465437788,190.19,2.6645352591003744E-14,41.47465437788018,2.0834698725437143E-15,14.715
0,39.999999999999986,704.147465437788,190.19,2.6645352591003744E-14,41.474654377880185,2.069580073393423E-15,14.715
0,39.999999999999986,704.147465437788,190.19,2.6645352591003744E-14,41.47465437788018,2.0557828729041334E-15,14.715
0,39.999999999999986,704.147465437788,190.19,2.6645352591003744E-14,41.474654377880185,2.042077653751439E-15,14.715
0,39.999999999999986,704.147465437788,190.19,2.6645352591003744E-14,41.47465437788018,2.0284638027264294E-15,14.715
0,39.999999999999986,704.147465437788,190.19,2.6645352591003744E-14,41.474654377880185,2.0149407107082534E-15,14.715
0,39.999999999999986,704.147465437788,190.19,2.6645352591003744E-14,41.47465437788018,2.001507772636865E-15,14.715
0,39.999999999999986,704.147465437788,190.19,2.6645352591003744E-14,41.474654377880185,1.9881643874859527E-15,14.715
0,39.999999999999986,704.147465437788,190.19,2.6645352591003744E-14,41.47465437788018,1.9749099582360463E-15,14.715
0,39.999999999999986,704.147465437788,190.19,2.6645352591003744E-14,41.474654377880185,1.961743891847806E-15,14.715
0,39.999999999999986,704.147465437788,190.19,2.6645352591003744E-14,41.47465437788018,1.9486655992354875E-15,14.715
0,39.999999999999986,704.147465437788,190.19,2.6645352591003744E-14,41.474654377880185,1.935674495240584E-15,14.715
0,39.999999999999986,704.147465437788,190.19,2.6645352591003744E-14,41.47465437788018,1.922769998605647E-15,14.715
0,39.999999999999986,704.147465437788,190.19,2.6645352591003744E-14,41.474654377880185,1.9099515319482757E-15,14.715
0,39.999999999999986,704.147465437788,190.19,2.6645352591003744E-14,41.47465437788018,1.8972185217352873E-15,14.715
0,39.999999999999986,704.147465437788,190.19,2.6645352591003744E-14,41.474654377880185,1.884570398257052E-15,14.715
0,39.999999999999986,704.147465437788,190.19,2.6645352591003744E-14,41.47465437788018,1.872006595602005E-15,14.715
0,39.999999999999986,704.147465437788,190.19,2.6645352591003744E-14,41.474654377880185,1.8595265516313252E-15,14.715
0,39.999999999999986,704.147465437788,190.19,2.6645352591003744E-14,41.47465437788018,1.847129707953783E-15,14.715
0,39.999999999999986,704.147465437788,190.19,2.6645352591003744E-14,41.474654377880185,1.834815509900758E-15,14.715
0,39.999999999999986,704.147465437788,190.19,2.6645352591003744E-14,41.47465437788018,1.8225834065014195E-15,14.715
0,39.999999999999986,704.147465437788,190.19,2.6645352591003744E-14,41.474654377880185,1.810432850458077E-15,14.715
0,39.999999999999986,704.147465437788,190.19,2.6645352591003744E-14,41.47465437788018,1.79836329812169E-15,14.715
0,39.999999999999986,704.147465437788,190.19,2.6645352591003744E-14,41.474654377880185,1.7863742094675452E-15,14.715
0,39.999999999999986,704.147465437788,190.19,2.6645352591003744E-14,41.47465437788018,1.774465048071095E-15,14.715
0,39.999999999999986,704.147465437788,190.19,2.6645352591003744E-14,41.474654377880185,2.2363304382573547E-15,14.715000000000007
0,39.999999999999986,704.147465437788,190.19,2.6645352591003744E-14,41.47465437788018,2.221421568668972E-15,14.715
0,39.999999999999986,704.147465437788,190.19,2.6645352591003744E-14,41.474654377880185,2.2066120915445125E-15,14.715
0,39.999999999999986,704.147465437788,190.19,2.6645352591003744E-14,41.47465437788018,2.191901344267549E-15,14.715
0,39.999999999999986,704.147465437788,190.19,2.6645352591003744E-14,41.474654377880185,2.1772886686390987E-15,14.715
0,39.999999999999986,704.147465437788,190.19,2.6645352591003744E-14,41.47465437788018,2.1627734108481714E-15,14.715
0,39.999999999999986,704.147465437788,190.19,2.6645352591003744E-14,41.474654377880185,2.1483549214425168E-15,14.715
0,39.999999999999986,704.147465437788,190.19,2.6645352591003744E-14,41.47465437788018,2.1340325552995668E-15,14.715
0,39.999999999999986,704.147465437788,190.19,2.6645352591003744E-14,41.474654377880185,2.1198056715975696E-15,14.715
0,39.999999999999986,704.147465437788,190.19,2.6645352591003744E-14,41.47465437788018,2.105673633786919E-15,14.715
0,39.999999999999986,704.147465437788,190.19,2.6645352591003744E-14,41.474654377880185,2.091635809561673E-15,14.715
0,39.999999999999986,704.147465437788,190.19,2.6645352591003744E-14,41.47465437788018,2.077691570831262E-15,14.715
0,39.999999999999986,704.147465437788,190.19,2.6645352591003744E-14,41.474654377880185,2.063840293692387E-15,14.715
0,39.999999999999986,704.147465437788,190.19,2.6645352591003744E-14,41.47465437788018,2.0500813584011045E-15,14.715
0,39.999999999999986,704.147465437788,190.19,2.6645352591003744E-14,41.474654377880185,2.036414149345097E-15,14.715
0,39.999999999999986,704.147465437788,190.19,2.6645352591003744E-14,41.47465437788018,2.0228380550161297E-15,14.715
0,39.999999999999986,704.147465437788,190.19,2.6645352591003744E-14,41.474654377880185,2.0093524679826888E-15,14.715
0,39.999999999999986,704.147465437788,190.19,2.6645352591003744E-14,41.47465437788018,1.995956784862804E-15,14.715
0,39.999999999999986,704.147465437788,190.19,2.6645352591003744E-14,41.474654377880185,1.982650406297052E-15,14.715
0,39.999999999999986,704.147465437788,190.19,2.6645352591003744E-14,41.47465437788018,1.9694327369217386E-15,14.715
0,39.999999999999986,704.147465437788,190.19,2.6645352591003744E-14,41.474654377880185,1.9563031853422604E-15,14.715
0,39.999999999999986,704.147465437788,190.19,2.6645352591003744E-14,41.47465437788018,1.943261164106645E-15,14.715
0,39.999999999999986,704.147465437788,190.19,2.6645352591003744E-14,41.474654377880185,1.9303060896792676E-15,14.715
0,39.999999999999986,704.147465437788,190.19,2.6645352591003744E-14,41.47465437788018,1.917437382414739E-15,14.715
0,39.999999999999986,704.147465437788,190.19,2.6645352591003744E-14,41.474654377880185,1.904654466531974E-15,14.715
0,39.999999999999986,704.147465437788,190.19,2.6645352591003744E-14,41.47465437788018,1.8919567700884276E-15,14.715
0,39.999999999999986,704.147465437788,190.19,2.6645352591003744E-14,41.474654377880185,1.879343724954505E-15,14.715
0,39.999999999999986,704.147465437788,190.19,2.6645352591003744E-14,41.47465437788018,1.8668147667881414E-15,14.715
0,39.999999999999986,704.147465437788,190.19,2.6645352591003744E-14,41.474654377880185,1.854369335009554E-15,14.715
0,39.999999999999986,704.147465437788,190.19,2.6645352591003744E-14,41.47465437788018,1.842006872776157E-15,14.715
0,39.999999999999986,704.147465437788,190.19,2.6645352591003744E-14,41.474654377880185,1.829726826957649E-15,14.715
0,39.999999999999986,704.147465437788,190.19,2.6645352591003744E-14,41.47465437788018,1.8175286481112647E-15,14.715
0,39.999999999999986,704.147465437788,190.19,2.6645352591003744E-14,41.474654377880185,1.8054117904571894E-15,14.715
0,39.999999999999986,704.147465437788,190.19,2.6645352591003744E-14,41.47465437788018,1.7933757118541414E-15,14.715
0,39.999999999999986,704.147465437788,190.19,2.6645352591003744E-14,41.474654377880185,1.7814198737751137E-15,14.715
0,39.999999999999986,704.147465437788,190.19,2.6645352591003744E-14,41.47465437788018,1.7695437412832795E-15,14.715
0,39.999999999999986,704.147465437788,190.19,2.6645352591003744E-14,41.474654377880185,2.231441940181458E-15,14.715000000000007
0,39.999999999999986,704.147465437788,190.19,2.6645352591003744E-14,41.47465437788018,2.2165656605802483E-15,14.715
0,39.999999999999986,704.147465437788,190.19,2.6645352591003744E-14,41.474654377880185,2.20178855617638E-15,14.715
0,39.999999999999986,704.147465437788,190.19,2.6645352591003744E-14,41.47465437788018,2.1871099658018706E-15,14.715
0,39.999999999999986,704.147465437788,190.19,2.6645352591003744E-14,41.474654377880185,2.172529232696525E-15,14.715
0,39.999999999999986,704.147465437788,190.19,2.6645352591003744E-14,41.47465437788018,2.158045704478548E-15,14.715
0,39.999999999999986,704.147465437788,190.19,2.6645352591003744E-14,41.474654377880185,2.1436587331153577E-15,14.715
0,39.999999999999986,704.147465437788,190.19,2.6645352591003744E-14,41.47465437788018,2.1293676748945886E-15,14.715
0,39.999999999999986,704.147465437788,190.19,2.6645352591003744E-14,41.474654377880185,2.115171890395291E-15,14.715
0,39.999999999999986,704.147465437788,190.19,2.6645352591003744E-14,41.47465437788018,2.1010707444593225E-15,14.715
0,39.999999999999986,704.147465437788,190.19,2.6645352591003744E-14,41.474654377880185,2.087063606162927E-15,14.715
0,39.999999999999986,704.147465437788,190.19,2.6645352591003744E-14,41.47465437788018,2.0731498487885075E-15,14.715
0,39.999999999999986,704.147465437788,190.19,2.6645352591003744E-14,41.474654377880185,2.059328849796584E-15,14.715
0,39.999999999999986,704.147465437788,190.19,2.6645352591003744E-14,41.47465437788018,2.0455999907979403E-15,14.715
0,39.999999999999986,704.147465437788,190.19,2.6645352591003744E-14,41.474654377880185,2.031962657525954E-15,14.715
0,39.999999999999986,704.147465437788,190.19,2.6645352591003744E-14,41.47465437788018,2.0184162398091143E-15,14.715
0,39.999999999999986,704.147465437788,190.19,2.6645352591003744E-14,41.474654377880185,2.00496013154372E-15,14.715
0,39.999999999999986,704.147465437788,190.19,2.6645352591003744E-14,41.47465437788018,1.991593730666762E-15,14.715
0,39.999999999999986,704.147465437788,190.19,2.6645352591003744E-14,41.474654377880185,1.9783164391289836E-15,14.715
0,39.999999999999986,704.147465437788,190.19,2.6645352591003744E-14,41.47465437788018,1.9651276628681236E-15,14.715
0,39.999999999999986,704.147465437788,190.19,2.6645352591003744E-14,41.474654377880185,1.9520268117823362E-15,14.715
0,39.999999999999986,704.147465437788,190.19,2.6645352591003744E-14,41.47465437788018,1.939013299703787E-15,14.715
0,39.999999999999986,704.147465437788,190.19,2.6645352591003744E-14,41.474654377880185,1.9260865443724287E-15,14.715
0,39.999999999999986,704.147465437788,190.19,2.6645352591003744E-14,41.47465437788018,1.913245967409946E-15,14.715
0,39.999999999999986,704.147465437788,190.19,2.6645352591003744E-14,41.474654377880185,1.9004909942938796E-15,14.715
0,39.999999999999986,704.147465437788,190.19,2.6645352591003744E-14,41.47465437788018,1.8878210543319206E-15,14.715
0,39.999999999999986,704.147465437788,190.19,2.6645352591003744E-14,41.474654377880185,1.8752355806363746E-15,14.715
0,39.999999999999986,704.147465437788,190.19,2.6645352591003744E-14,41.47465437788018,1.8627340100987988E-15,14.715
0,39.999999999999986,704.147465437788,190.19,2.6645352591003744E-14,41.474654377880185,1.850315783364807E-15,14.715
0,39.999999999999986,704.147465437788,190.19,2.6645352591003744E-14,41.47465437788018,1.8379803448090415E-15,14.715
0,39.999999999999986,704.147465437788,190.19,2.6645352591003744E-14,41.474654377880185,1.8257271425103147E-15,14.715
0,39.999999999999986,704.147465437788,190.19,2.6645352591003744E-14,41.47465437788018,1.8135556282269127E-15,14.715
0,39.999999999999986,704.147465437788,190.19,2.6645352591003744E-14,41.474654377880185,1.8014652573720666E-15,14.715
0,39.999999999999986,704.147465437788,190.19,2.6645352591003744E-14,41.47465437788018,1.789455488989586E-15,14.715
0,39.999999999999986,704.147465437788,190.19,2.6645352591003744E-14,41.474654377880185,1.7775257857296556E-15,14.715
0,39.999999999999986,704.147465437788,190.19,2.6645352591003744E-14,41.47465437788018,1.7656756138247912E-15,14.715
0,39.999999999999986,704.147465437788,190.19,2.6645352591003744E-14,41.474654377880185,2.2275996002393595E-15,14.715000000000007
0,39.999999999999986,704.147465437788,190.19,2.6645352591003744E-14,41.47465437788018,2.212748936237764E-15,14.715
0,39.999999999999986,704.147465437788,190.19,2.6645352591003744E-14,41.474654377880185,2.1979972766628453E-15,14.715
0,39.999999999999986,704.147465437788,190.19,2.6645352591003744E-14,41.47465437788018,2.183343961485093E-15,14.715
0,39.999999999999986,704.147465437788,190.19,2.6645352591003744E-14,41.474654377880185,2.1687883350751924E-15,14.715
0,39.999999999999986,704.147465437788,190.19,2.6645352591003744E-14,41.47465437788018,2.1543297461746913E-15,14.715
0,39.999999999999986,704.147465437788,190.19,2.6645352591003744E-14,41.474654377880185,2.13996754786686E-15,14.715
0,39.999999999999986,704.147465437788,190.19,2.6645352591003744E-14,41.47465437788018,2.1257010975477478E-15,14.715
0,39.999999999999986,704.147465437788,190.19,2.6645352591003744E-14,41.474654377880185,2.1115297568974296E-15,14.715
0,39.999999999999986,704.147465437788,190.19,2.6645352591003744E-14,41.47465437788018,2.0974528918514467E-15,14.715
0,39.999999999999986,704.147465437788,190.19,2.6645352591003744E-14,41.474654377880185,2.083469872572437E-15,14.715
0,39.999999999999986,704.147465437788,190.19,2.6645352591003744E-14,41.47465437788018,2.0695800734219543E-15,14.715
0,39.999999999999986,704.147465437788,190.19,2.6645352591003744E-14,41.474654377880185,2.0557828729324748E-15,14.715
0,39.999999999999986,704.147465437788,190.19,2.6645352591003744E-14,41.47465437788018,2.0420776537795914E-15,14.715
0,39.999999999999986,704.147465437788,190.19,2.6645352591003744E-14,41.474654377880185,2.028463802754394E-15,14.715
0,39.999999999999986,704.147465437788,190.19,2.6645352591003744E-14,41.47465437788018,2.0149407107360315E-15,14.715
0,39.999999999999986,704.147465437788,190.19,2.6645352591003744E-14,41.474654377880185,2.001507772664458E-15,14.715
0,39.999999999999986,704.147465437788,190.19,2.6645352591003744E-14,41.47465437788018,1.9881643875133613E-15,14.715
0,39.999999999999986,704.147465437788,190.19,2.6645352591003744E-14,41.474654377880185,1.9749099582632722E-15,14.715
0,39.999999999999986,704.147465437788,190.19,2.6645352591003744E-14,41.47465437788018,1.9617438918748505E-15,14.715
0,39.999999999999986,704.147465437788,190.19,2.6645352591003744E-14,41.474654377880185,1.9486655992623513E-15,14.715
0,39.999999999999986,704.147465437788,190.19,2.6645352591003744E-14,41.47465437788018,1.935674495267269E-15,14.715
0,39.999999999999986,704.147465437788,190.19,2.6645352591003744E-14,41.474654377880185,1.9227699986321537E-15,14.715
0,39.999999999999986,704.147465437788,190.19,2.6645352591003744E-14,41.47465437788018,1.909951531974606E-15,14.715
0,39.999999999999986,704.147465437788,190.19,2.6645352591003744E-14,41.474654377880185,1.897218521761442E-15,14.715
0,39.999999999999986,704.147465437788,190.19,2.6645352591003744E-14,41.47465437788018,1.8845703982830325E-15,14.715
0,39.999999999999986,704.147465437788,190.19,2.6645352591003744E-14,41.474654377880185,1.8720065956278122E-15,14.715
0,39.999999999999986,704.147465437788,190.19,2.6645352591003744E-14,41.47465437788018,1.85952655165696E-15,14.715
0,39.999999999999986,704.147465437788,190.19,2.6645352591003744E-14,41.474654377880185,1.847129707979247E-15,14.715
0,39.999999999999986,704.147465437788,190.19,2.6645352591003744E-14,41.47465437788018,1.834815509926052E-15,14.715
0,39.999999999999986,704.147465437788,190.19,2.6645352591003744E-14,41.474654377880185,1.8225834065265448E-15,14.715
0,39.999999999999986,704.147465437788,190.19,2.6645352591003744E-14,41.47465437788018,1.8104328504830345E-15,14.715
0,39.999999999999986,704.147465437788,190.19,2.6645352591003744E-14,41.474654377880185,1.798363298146481E-15,14.715
0,39.999999999999986,704.147465437788,190.19,2.6645352591003744E-14,41.47465437788018,1.786374209492171E-15,14.715
0,39.999999999999986,704.147465437788,190.19,2.6645352591003744E-14,41.474654377880185,1.7744650480955566E-15,14.715
0,39.999999999999986,704.147465437788,190.19,2.6645352591003744E-14,41.47465437788018,2.2363304382816528E-15,14.715000000000007
0,39.999999999999986,704.147465437788,190.19,2.6645352591003744E-14,41.474654377880185,2.2214215686931086E-15,14.715
0,39.999999999999986,704.147465437788,190.19,2.6645352591003744E-14,41.47465437788018,2.206612091568488E-15,14.715
0,39.999999999999986,704.147465437788,190.19,2.6645352591003744E-14,41.474654377880185,2.191901344291365E-15,14.715
0,39.999999999999986,704.147465437788,190.19,2.6645352591003744E-14,41.47465437788018,2.177288668662756E-15,14.715
0,39.999999999999986,704.147465437788,190.19,2.6645352591003744E-14,41.474654377880185,2.162773410871671E-15,14.715
0,39.999999999999986,704.147465437788,190.19,2.6645352591003744E-14,41.47465437788018,2.1483549214658596E-15,14.715
0,39.999999999999986,704.147465437788,190.19,2.6645352591003744E-14,41.474654377880185,2.1340325553227538E-15,14.715
0,39.999999999999986,704.147465437788,190.19,2.6645352591003744E-14,41.47465437788018,2.119805671620602E-15,14.715
0,39.999999999999986,704.147465437788,190.19,2.6645352591003744E-14,41.474654377880185,2.105673633809798E-15,14.715
0,39.999999999999986,704.147465437788,190.19,2.6645352591003744E-14,41.47465437788018,2.0916358095843994E-15,14.715
0,39.999999999999986,704.147465437788,190.19,2.6645352591003744E-14,41.474654377880185,2.0776915708538368E-15,14.715
0,39.999999999999986,704.147465437788,190.19,2.6645352591003744E-14,41.47465437788018,2.063840293714811E-15,14.715
0,39.999999999999986,704.147465437788,190.19,2.6645352591003744E-14,41.474654377880185,2.050081358423379E-15,14.715
0,39.999999999999986,704.147465437788,190.19,2.6645352591003744E-14,41.47465437788018,2.0364141493672234E-15,14.715
0,39.999999999999986,704.147465437788,190.19,2.6645352591003744E-14,41.474654377880185,2.0228380550381086E-15,14.715
0,39.999999999999986,704.147465437788,190.19,2.6645352591003744E-14,41.47465437788018,2.0093524680045213E-15,14.715
0,39.999999999999986,704.147465437788,190.19,2.6645352591003744E-14,41.474654377880185,1.995956784884491E-15,14.715
0,39.999999999999986,704.147465437788,190.19,2.6645352591003744E-14,41.47465437788018,1.9826504063185943E-15,14.715
0,39.999999999999986,704.147465437788,190.19,2.6645352591003744E-14,41.474654377880185,1.9694327369431372E-15,14.715
0,39.999999999999986,704.147465437788,190.19,2.6645352591003744E-14,41.47465437788018,1.9563031853635163E-15,14.715
0,39.999999999999986,704.147465437788,190.19,2.6645352591003744E-14,41.474654377880185,1.9432611641277594E-15,14.715
0,39.999999999999986,704.147465437788,190.19,2.6645352591003744E-14,41.47465437788018,1.930306089700241E-15,14.715
0,39.999999999999986,704.147465437788,190.19,2.6645352591003744E-14,41.474654377880185,1.917437382435573E-15,14.715
0,39.999999999999986,704.147465437788,190.19,2.6645352591003744E-14,41.47465437788018,1.904654466552669E-15,14.715
0,39.999999999999986,704.147465437788,190.19,2.6645352591003744E-14,41.474654377880185,1.8919567701089846E-15,14.715
0,39.999999999999986,704.147465437788,190.19,2.6645352591003744E-14,41.47465437788018,1.8793437249749245E-15,14.715
0,39.999999999999986,704.147465437788,190.19,2.6645352591003744E-14,41.474654377880185,1.866814766808425E-15,14.715
0,39.999999999999986,704.147465437788,190.19,2.6645352591003744E-14,41.47465437788018,1.854369335029702E-15,14.715
0,39.999999999999986,704.147465437788,190.19,2.6645352591003744E-14,41.474654377880185,1.8420068727961706E-15,14.715
0,39.999999999999986,704.147465437788,190.19,2.6645352591003744E-14,41.47465437788018,1.8297268269775296E-15,14.715
0,39.999999999999986,704.147465437788,190.19,2.6645352591003744E-14,41.474654377880185,1.8175286481310126E-15,14.715
0,39.999999999999986,704.147465437788,190.19,2.6645352591003744E-14,41.47465437788018,1.805411790476806E-15,14.715
0,39.999999999999986,704.147465437788,190.19,2.6645352591003744E-14,41.474654377880185,1.7933757118736274E-15,14.715
0,39.999999999999986,704.147465437788,190.19,2.6645352591003744E-14,41.47465437788018,1.78141987379447E-15,14.715
0,39.999999999999986,704.147465437788,190.19,2.6645352591003744E-14,41.474654377880185,1.7695437413025069E-15,14.715
0,39.999999999999986,704.147465437788,190.19,2.6645352591003744E-14,41.47465437788018,2.231441940200557E-15,14.715000000000007
0,39.999999999999986,704.147465437788,190.19,2.6645352591003744E-14,41.474654377880185,2.21656566059922E-15,14.715
0,39.999999999999986,704.147465437788,190.19,2.6645352591003744E-14,41.47465437788018,2.2017885561952253E-15,14.715
0,39.999999999999986,704.147465437788,190.19,2.6645352591003744E-14,41.474654377880185,2.1871099658205906E-15,14.715
0,39.999999999999986,704.147465437788,190.19,2.6645352591003744E-14,41.47465437788018,2.17252923271512E-15,14.715
0,39.999999999999986,704.147465437788,190.19,2.6645352591003744E-14,41.474654377880185,2.158045704497019E-15,14.715
0,39.999999999999986,704.147465437788,190.19,2.6645352591003744E-14,41.47465437788018,2.143658733133706E-15,14.715
0,39.999999999999986,704.147465437788,190.19,2.6645352591003744E-14,41.474654377880185,2.1293676749128145E-15,14.715
0,39.999999999999986,704.147465437788,190.19,2.6645352591003744E-14,41.47465437788018,2.1151718904133955E-15,14.715
0,39.999999999999986,704.147465437788,190.19,2.6645352591003744E-14,41.474654377880185,2.101070744477306E-15,14.715
0,39.999999999999986,704.147465437788,190.19,2.6645352591003744E-14,41.47465437788018,2.087063606180791E-15,14.715
0,39.999999999999986,704.147465437788,190.19,2.6645352591003744E-14,41.474654377880185,2.073149848806252E-15,14.715
0,39.999999999999986,704.147465437788,190.19,2.6645352591003744E-14,41.47465437788018,2.0593288498142103E-15,14.715
0,39.999999999999986,704.147465437788,190.19,2.6645352591003744E-14,41.474654377880185,2.045599990815449E-15,14.715
0,39.999999999999986,704.147465437788,190.19,2.6645352591003744E-14,41.47465437788018,2.031962657543346E-15,14.715
0,39.999999999999986,704.147465437788,190.19,2.6645352591003744E-14,41.474654377880185,2.0184162398263903E-15,14.715
0,39.999999999999986,704.147465437788,190.19,2.6645352591003744E-14,41.47465437788018,2.004960131560881E-15,14.715
0,39.999999999999986,704.147465437788,190.19,2.6645352591003744E-14,41.474654377880185,1.9915937306838085E-15,14.715
0,39.999999999999986,704.147465437788,190.19,2.6645352591003744E-14,41.47465437788018,1.9783164391459165E-15,14.715
0,39.999999999999986,704.147465437788,190.19,2.6645352591003744E-14,41.474654377880185,1.9651276628849437E-15,14.715
0,39.999999999999986,704.147465437788,190.19,2.6645352591003744E-14,41.47465437788018,1.952026811799044E-15,14.715
0,39.999999999999986,704.147465437788,190.19,2.6645352591003744E-14,41.474654377880185,1.9390132997203836E-15,14.715
0,39.999999999999986,704.147465437788,190.19,2.6645352591003744E-14,41.47465437788018,1.9260865443889144E-15,14.715
0,39.999999999999986,704.147465437788,190.19,2.6645352591003744E-14,41.474654377880185,1.9132459674263216E-15,14.715
0,39.999999999999986,704.147465437788,190.19,2.6645352591003744E-14,41.47465437788018,1.900490994310146E-15,14.715
0,39.999999999999986,704.147465437788,190.19,2.6645352591003744E-14,41.474654377880185,1.8878210543480784E-15,14.715
0,39.999999999999986,704.147465437788,190.19,2.6645352591003744E-14,41.47465437788018,1.8752355806524247E-15,14.715
0,39.999999999999986,704.147465437788,190.19,2.6645352591003744E-14,41.474654377880185,1.862734010114742E-15,14.715
0,39.999999999999986,704.147465437788,190.19,2.6645352591003744E-14,41.47465437788018,1.8503157833806437E-15,14.715
0,39.999999999999986,704.147465437788,190.19,2.6645352591003744E-14,41.474654377880185,1.8379803448247726E-15,14.715
0,39.999999999999986,704.147465437788,190.19,2.6645352591003744E-14,41.47465437788018,1.825727142525941E-15,14.715
0,39.999999999999986,704.147465437788,190.19,2.6645352591003744E-14,41.474654377880185,1.8135556282424347E-15,14.715
0,39.999999999999986,704.147465437788,190.19,2.6645352591003744E-14,41.47465437788018,1.8014652573874853E-15,14.715
0,39.999999999999986,704.147465437788,190.19,2.6645352591003744E-14,41.474654377880185,1.789455489004902E-15,14.715
0,39.999999999999986,704.147465437788,190.19,2.6645352591003744E-14,41.47465437788018,1.7775257857448696E-15,14.715
0,39.999999999999986,704.147465437788,190.19,2.6645352591003744E-14,41.474654377880185,1.7656756138399038E-15,14.715
0,39.999999999999986,704.147465437788,190.19,2.6645352591003744E-14,41.47465437788018,2.227599600254371E-15,14.715000000000007
0,39.999999999999986,704.147465437788,190.19,2.6645352591003744E-14,41.474654377880185,2.2127489362526753E-15,14.715
0,39.999999999999986,704.147465437788,190.19,2.6645352591003744E-14,41.47465437788018,2.1979972766776574E-15,14.715
0,39.999999999999986,704.147465437788,190.19,2.6645352591003744E-14,41.474654377880185,2.183343961499806E-15,14.715
0,39.999999999999986,704.147465437788,190.19,2.6645352591003744E-14,41.47465437788018,2.1687883350898077E-15,14.715
0,39.999999999999986,704.147465437788,190.19,2.6645352591003744E-14,41.474654377880185,2.154329746189209E-15,14.715
0,39.999999999999986,704.147465437788,190.19,2.6645352591003744E-14,41.47465437788018,2.139967547881281E-15,14.715
0,39.999999999999986,704.147465437788,190.19,2.6645352591003744E-14,41.474654377880185,2.1257010975620723E-15,14.715
0,39.999999999999986,704.147465437788,190.19,2.6645352591003744E-14,41.47465437788018,2.1115297569116583E-15,14.715
0,39.999999999999986,704.147465437788,190.19,2.6645352591003744E-14,41.474654377880185,2.0974528918655808E-15,14.715
0,39.999999999999986,704.147465437788,190.19,2.6645352591003744E-14,41.47465437788018,2.083469872586477E-15,14.715
0,39.999999999999986,704.147465437788,190.19,2.6645352591003744E-14,41.474654377880185,2.0695800734359002E-15,14.715
0,39.999999999999986,704.147465437788,190.19,2.6645352591003744E-14,41.47465437788018,2.0557828729463276E-15,14.715
0,39.999999999999986,704.147465437788,190.19,2.6645352591003744E-14,41.474654377880185,2.042077653793352E-15,14.715
0,39.999999999999986,704.147465437788,190.19,2.6645352591003744E-14,41.47465437788018,2.0284638027680628E-15,14.715
0,39.999999999999986,704.147465437788,190.19,2.6645352591003744E-14,41.474654377880185,2.014940710749609E-15,14.715
0,39.999999999999986,704.147465437788,190.19,2.6645352591003744E-14,41.47465437788018,2.001507772677945E-15,14.715
0,39.999999999999986,704.147465437788,190.19,2.6645352591003744E-14,41.474654377880185,1.9881643875267585E-15,14.715
0,39.999999999999986,704.147465437788,190.19,2.6645352591003744E-14,41.47465437788018,1.9749099582765803E-15,14.715
0,39.999999999999986,704.147465437788,190.19,2.6645352591003744E-14,41.474654377880185,1.96174389188807E-15,14.715
0,39.999999999999986,704.147465437788,190.19,2.6645352591003744E-14,41.47465437788018,1.9486655992754827E-15,14.715
0,39.999999999999986,704.147465437788,190.19,2.6645352591003744E-14,41.474654377880185,1.9356744952803128E-15,14.715
0,39.999999999999986,704.147465437788,190.19,2.6645352591003744E-14,41.47465437788018,1.9227699986451108E-15,14.715
0,39.999999999999986,704.147465437788,190.19,2.6645352591003744E-14,41.474654377880185,1.9099515319874766E-15,14.715
0,39.999999999999986,704.147465437788,190.19,2.6645352591003744E-14,41.47465437788018,1.8972185217742266E-15,14.715
0,39.999999999999986,704.147465437788,190.19,2.6645352591003744E-14,41.474654377880185,1.884570398295732E-15,14.715
0,39.999999999999986,704.147465437788,190.19,2.6645352591003744E-14,41.47465437788018,1.872006595640427E-15,14.715
0,39.999999999999986,704.147465437788,190.19,2.6645352591003744E-14,41.474654377880185,1.8595265516694907E-15,14.715
0,39.999999999999986,704.147465437788,190.19,2.6645352591003744E-14,41.47465437788018,1.847129707991694E-15,14.715
0,39.999999999999986,704.147465437788,190.19,2.6645352591003744E-14,41.474654377880185,1.834815509938416E-15,14.715
0,39.999999999999986,704.147465437788,190.19,2.6645352591003744E-14,41.47465437788018,1.8225834065388265E-15,14.715
0,39.999999999999986,704.147465437788,190.19,2.6645352591003744E-14,41.474654377880185,1.8104328504952342E-15,14.715
0,39.999999999999986,704.147465437788,190.19,2.6645352591003744E-14,41.47465437788018,1.798363298158599E-15,14.715
0,39.999999999999986,704.147465437788,190.19,2.6645352591003744E-14,41.474654377880185,1.7863742095042083E-15,14.715
0,39.999999999999986,704.147465437788,190.19,2.6645352591003744E-14,41.47465437788018,1.7744650481075135E-15,14.715
0,39.999999999999986,704.147465437788,190.19,2.6645352591003744E-14,41.474654377880185,2.2363304382935303E-15,14.715000000000007
0,39.999999999999986,704.147465437788,190.19,2.6645352591003744E-14,41.47465437788018,2.2214215687049068E-15,14.715
0,39.999999999999986,704.147465437788,190.19,2.6645352591003744E-14,41.474654377880185,2.2066120915802073E-15,14.715
0,39.999999999999986,704.147465437788,190.19,2.6645352591003744E-14,41.47465437788018,2.191901344303006E-15,14.715
0,39.999999999999986,704.147465437788,190.19,2.6645352591003744E-14,41.474654377880185,2.1772886686743194E-15,14.715
0,39.999999999999986,704.147465437788,190.19,2.6645352591003744E-14,41.47465437788018,2.1627734108831574E-15,14.715
0,39.999999999999986,704.147465437788,190.19,2.6645352591003744E-14,41.474654377880185,2.1483549214772696E-15,14.715
0,39.999999999999986,704.147465437788,190.19,2.6645352591003744E-14,41.47465437788018,2.1340325553340877E-15,14.715
0,39.999999999999986,704.147465437788,190.19,2.6645352591003744E-14,41.474654377880185,2.1198056716318606E-15,14.715
0,39.999999999999986,704.147465437788,190.19,2.6645352591003744E-14,41.47465437788018,2.1056736338209814E-15,14.715
0,39.999999999999986,704.147465437788,190.19,2.6645352591003744E-14,41.474654377880185,2.091635809595508E-15,14.715
0,39.999999999999986,704.147465437788,190.19,2.6645352591003744E-14,41.47465437788018,2.0776915708648714E-15,14.715
0,39.999999999999986,704.147465437788,190.19,2.6645352591003744E-14,41.474654377880185,2.0638402937257723E-15,14.715
0,39.999999999999986,704.147465437788,190.19,2.6645352591003744E-14,41.47465437788018,2.050081358434267E-15,14.715
0,39.999999999999986,704.147465437788,190.19,2.6645352591003744E-14,41.474654377880185,2.0364141493780387E-15,14.715
0,39.999999999999986,704.147465437788,190.19,2.6645352591003744E-14,41.47465437788018,2.0228380550488517E-15,14.715
0,39.999999999999986,704.147465437788,190.19,2.6645352591003744E-14,41.474654377880185,2.0093524680151926E-15,14.715
0,39.999999999999986,704.147465437788,190.19,2.6645352591003744E-14,41.47465437788018,1.9959567848950913E-15,14.715
0,39.999999999999986,704.147465437788,190.19,2.6645352591003744E-14,41.474654377880185,1.982650406329124E-15,14.715
0,39.999999999999986,704.147465437788,190.19,2.6645352591003744E-14,41.47465437788018,1.9694327369535967E-15,14.715
0,39.999999999999986,704.147465437788,190.19,2.6645352591003744E-14,41.474654377880185,1.956303185373906E-15,14.715
0,39.999999999999986,704.147465437788,190.19,2.6645352591003744E-14,41.47465437788018,1.94326116413808E-15,14.715
0,39.999999999999986,704.147465437788,190.19,2.6645352591003744E-14,41.474654377880185,1.9303060897104927E-15,14.715
0,39.999999999999986,704.147465437788,190.19,2.6645352591003744E-14,41.47465437788018,1.9174373824457563E-15,14.715
0,39.999999999999986,704.147465437788,190.19,2.6645352591003744E-14,41.474654377880185,1.9046544665627846E-15,14.715
0,39.999999999999986,704.147465437788,190.19,2.6645352591003744E-14,41.47465437788018,1.8919567701190327E-15,14.715
0,39.999999999999986,704.147465437788,190.19,2.6645352591003744E-14,41.474654377880185,1.879343724984906E-15,14.715
0,39.999999999999986,704.147465437788,190.19,2.6645352591003744E-14,41.47465437788018,1.8668147668183398E-15,14.715
0,39.999999999999986,704.147465437788,190.19,2.6645352591003744E-14,41.474654377880185,1.8543693350395506E-15,14.715
0,39.999999999999986,704.147465437788,190.19,2.6645352591003744E-14,41.47465437788018,1.8420068728059537E-15,14.715
0,39.999999999999986,704.147465437788,190.19,2.6645352591003744E-14,41.474654377880185,1.829726826987247E-15,14.715
0,39.999999999999986,704.147465437788,190.19,2.6645352591003744E-14,41.47465437788018,1.8175286481406655E-15,14.715
0,39.999999999999986,704.147465437788,190.19,2.6645352591003744E-14,41.474654377880185,1.8054117904863942E-15,14.715
0,39.999999999999986,704.147465437788,190.19,2.6645352591003744E-14,41.47465437788018,1.7933757118831517E-15,14.715
0,39.999999999999986,704.147465437788,190.19,2.6645352591003744E-14,41.474654377880185,1.7814198738039308E-15,14.715
0,39.999999999999986,704.147465437788,190.19,2.6645352591003744E-14,41.47465437788018,1.7695437413119046E-15,14.715
0,39.999999999999986,704.147465437788,190.19,2.6645352591003744E-14,41.474654377880185,2.231441940209892E-15,14.715000000000007
0,39.999999999999986,704.147465437788,190.19,2.6645352591003744E-14,41.47465437788018,2.2165656606084926E-15,14.715
0,39.999999999999986,704.147465437788,190.19,2.6645352591003744E-14,41.474654377880185,2.201788556204436E-15,14.715
0,39.999999999999986,704.147465437788,190.19,2.6645352591003744E-14,41.47465437788018,2.18710996582974E-15,14.715
0,39.999999999999986,704.147465437788,190.19,2.6645352591003744E-14,41.474654377880185,2.1725292327242084E-15,14.715
0,39.999999999999986,704.147465437788,190.19,2.6645352591003744E-14,41.47465437788018,2.158045704506047E-15,14.715
0,39.999999999999986,704.147465437788,190.19,2.6645352591003744E-14,41.474654377880185,2.143658733142673E-15,14.715
0,39.999999999999986,704.147465437788,190.19,2.6645352591003744E-14,41.47465437788018,2.129367674921722E-15,14.715
0,39.999999999999986,704.147465437788,190.19,2.6645352591003744E-14,41.474654377880185,2.1151718904222438E-15,14.715
0,39.999999999999986,704.147465437788,190.19,2.6645352591003744E-14,41.47465437788018,2.1010707444860957E-15,14.715
0,39.999999999999986,704.147465437788,190.19,2.6645352591003744E-14,41.474654377880185,2.0870636061895216E-15,14.715
0,39.999999999999986,704.147465437788,190.19,2.6645352591003744E-14,41.47465437788018,2.073149848814925E-15,14.715
0,39.999999999999986,704.147465437788,190.19,2.6645352591003744E-14,41.474654377880185,2.0593288498228255E-15,14.715
0,39.999999999999986,704.147465437788,190.19,2.6645352591003744E-14,41.47465437788018,2.0455999908240066E-15,14.715
0,39.999999999999986,704.147465437788,190.19,2.6645352591003744E-14,41.474654377880185,2.0319626575518466E-15,14.715
0,39.999999999999986,704.147465437788,190.19,2.6645352591003744E-14,41.47465437788018,2.0184162398348343E-15,14.715
0,39.999999999999986,704.147465437788,190.19,2.6645352591003744E-14,41.474654377880185,2.004960131569269E-15,14.715
0,39.999999999999986,704.147465437788,190.19,2.6645352591003744E-14,41.47465437788018,1.9915937306921404E-15,14.715
0,39.999999999999986,704.147465437788,190.19,2.6645352591003744E-14,41.474654377880185,1.978316439154193E-15,14.715
0,39.999999999999986,704.147465437788,190.19,2.6645352591003744E-14,41.47465437788018,1.9651276628931648E-15,14.715
0,39.999999999999986,704.147465437788,190.19,2.6645352591003744E-14,41.474654377880185,1.95202681180721E-15,14.715
0,39.999999999999986,704.147465437788,190.19,2.6645352591003744E-14,41.47465437788018,1.9390132997284955E-15,14.715
0,39.999999999999986,704.147465437788,190.19,2.6645352591003744E-14,41.474654377880185,1.926086544396972E-15,14.715
0,39.999999999999986,704.147465437788,190.19,2.6645352591003744E-14,41.47465437788018,1.9132459674343258E-15,14.715
0,39.999999999999986,704.147465437788,190.19,2.6645352591003744E-14,41.474654377880185,1.900490994318097E-15,14.715
0,39.999999999999986,704.147465437788,190.19,2.6645352591003744E-14,41.47465437788018,1.887821054355976E-15,14.715
0,39.999999999999986,704.147465437788,190.19,2.6645352591003744E-14,41.474654377880185,1.8752355806602696E-15,14.715
0,39.999999999999986,704.147465437788,190.19,2.6645352591003744E-14,41.47465437788018,1.8627340101225344E-15,14.715
0,39.999999999999986,704.147465437788,190.19,2.6645352591003744E-14,41.474654377880185,1.850315783388384E-15,14.715
0,39.999999999999986,704.147465437788,190.19,2.6645352591003744E-14,41.47465437788018,1.8379803448324616E-15,14.715
0,39.999999999999986,704.147465437788,190.19,2.6645352591003744E-14,41.474654377880185,1.8257271425335786E-15,14.715
0,39.999999999999986,704.147465437788,190.19,2.6645352591003744E-14,41.47465437788018,1.8135556282500216E-15,14.715
0,39.999999999999986,704.147465437788,190.19,2.6645352591003744E-14,41.474654377880185,1.8014652573950213E-15,14.715
0,39.999999999999986,704.147465437788,190.19,2.6645352591003744E-14,41.47465437788018,1.7894554890123877E-15,14.715
0,39.999999999999986,704.147465437788,190.19,2.6645352591003744E-14,41.474654377880185,1.777525785752305E-15,14.715
0,39.999999999999986,704.147465437788,190.19,2.6645352591003744E-14,41.47465437788018,1.7656756138472896E-15,14.715
0,39.999999999999986,704.147465437788,190.19,2.6645352591003744E-14,41.474654377880185,2.227599600261708E-15,14.715000000000007
0,39.999999999999986,704.147465437788,190.19,2.6645352591003744E-14,41.47465437788018,2.2127489362599632E-15,14.715
0,39.999999999999986,704.147465437788,190.19,2.6645352591003744E-14,41.474654377880185,2.1979972766848968E-15,14.715
0,39.999999999999986,704.147465437788,190.19,2.6645352591003744E-14,41.47465437788018,2.1833439615069974E-15,14.715
0,39.999999999999986,704.147465437788,190.19,2.6645352591003744E-14,41.474654377880185,2.1687883350969508E-15,14.715
0,39.999999999999986,704.147465437788,190.19,2.6645352591003744E-14,41.47465437788018,2.1543297461963045E-15,14.715
0,39.999999999999986,704.147465437788,190.19,2.6645352591003744E-14,41.474654377880185,2.139967547888329E-15,14.715
0,39.999999999999986,704.147465437788,190.19,2.6645352591003744E-14,41.47465437788018,2.1257010975690735E-15,14.715
0,39.999999999999986,704.147465437788,190.19,2.6645352591003744E-14,41.474654377880185,2.111529756918613E-15,14.715
0,39.999999999999986,704.147465437788,190.19,2.6645352591003744E-14,41.47465437788018,2.097452891872489E-15,14.715
0,39.999999999999986,704.147465437788,190.19,2.6645352591003744E-14,41.474654377880185,2.0834698725933387E-15,14.715
0,39.999999999999986,704.147465437788,190.19,2.6645352591003744E-14,41.47465437788018,2.0695800734427164E-15,14.715
0,39.999999999999986,704.147465437788,190.19,2.6645352591003744E-14,41.474654377880185,2.0557828729530984E-15,14.715
0,39.999999999999986,704.147465437788,190.19,2.6645352591003744E-14,41.47465437788018,2.0420776538000777E-15,14.715
0,39.999999999999986,704.147465437788,190.19,2.6645352591003744E-14,41.474654377880185,2.028463802774744E-15,14.715
0,39.999999999999986,704.147465437788,190.19,2.6645352591003744E-14,41.47465437788018,2.0149407107562457E-15,14.715
0,39.999999999999986,704.147465437788,190.19,2.6645352591003744E-14,41.474654377880185,2.0015077726845375E-15,14.715
0,39.999999999999986,704.147465437788,190.19,2.6645352591003744E-14,41.47465437788018,1.9881643875333072E-15,14.715
0,39.999999999999986,704.147465437788,190.19,2.6645352591003744E-14,41.474654377880185,1.9749099582830852E-15,14.715
0,39.999999999999986,704.147465437788,190.19,2.6645352591003744E-14,41.47465437788018,1.9617438918945314E-15,14.715
0,39.999999999999986,704.147465437788,190.19,2.6645352591003744E-14,41.474654377880185,1.9486655992819013E-15,14.715
0,39.999999999999986,704.147465437788,190.19,2.6645352591003744E-14,41.47465437788018,1.9356744952866888E-15,14.715
0,39.999999999999986,704.147465437788,190.19,2.6645352591003744E-14,41.474654377880185,1.922769998651444E-15,14.715
0,39.999999999999986,704.147465437788,190.19,2.6645352591003744E-14,41.47465437788018,1.9099515319937678E-15,14.715
0,39.999999999999986,704.147465437788,190.19,2.6645352591003744E-14,41.474654377880185,1.897218521780476E-15,14.715
0,39.999999999999986,704.147465437788,190.19,2.6645352591003744E-14,41.47465437788018,1.8845703983019395E-15,14.715
0,39.999999999999986,704.147465437788,190.19,2.6645352591003744E-14,41.474654377880185,1.8720065956465934E-15,14.715
0,39.999999999999986,704.147465437788,190.19,2.6645352591003744E-14,41.47465437788018,1.859526551675616E-15,14.715
0,39.999999999999986,704.147465437788,190.19,2.6645352591003744E-14,41.474654377880185,1.847129707997779E-15,14.715
0,39.999999999999986,704.147465437788,190.19,2.6645352591003744E-14,41.47465437788018,1.8348155099444604E-15,14.715
0,39.999999999999986,704.147465437788,190.19,2.6645352591003744E-14,41.474654377880185,1.8225834065448306E-15,14.715
0,39.999999999999986,704.147465437788,190.19,2.6645352591003744E-14,41.47465437788018,1.8104328505011984E-15,14.715
0,39.999999999999986,704.147465437788,190.19,2.6645352591003744E-14,41.474654377880185,1.798363298164524E-15,14.715
0,39.999999999999986,704.147465437788,190.19,2.6645352591003744E-14,41.47465437788018,1.7863742095100936E-15,14.715
0,39.999999999999986,704.147465437788,190.19,2.6645352591003744E-14,41.474654377880185,1.7744650481133596E-15,14.715
0,39.999999999999986,704.147465437788,190.19,2.6645352591003744E-14,41.47465437788018,2.236330438299337E-15,14.715000000000007
0,39.999999999999986,704.147465437788,190.19,2.6645352591003744E-14,41.474654377880185,2.221421568710675E-15,14.715
0,39.999999999999986,704.147465437788,190.19,2.6645352591003744E-14,41.47465437788018,2.2066120915859372E-15,14.715
0,39.999999999999986,704.147465437788,190.19,2.6645352591003744E-14,41.474654377880185,2.1919013443086977E-15,14.715
0,39.999999999999986,704.147465437788,190.19,2.6645352591003744E-14,41.47465437788018,2.177288668679973E-15,14.715
0,39.999999999999986,704.147465437788,190.19,2.6645352591003744E-14,41.474654377880185,2.1627734108887733E-15,14.715
0,39.999999999999986,704.147465437788,190.19,2.6645352591003744E-14,41.47465437788018,2.148354921482848E-15,14.715
0,39.999999999999986,704.147465437788,190.19,2.6645352591003744E-14,41.474654377880185,2.134032555339629E-15,14.715
0,39.999999999999986,704.147465437788,190.19,2.6645352591003744E-14,41.47465437788018,2.119805671637365E-15,14.715
0,39.999999999999986,704.147465437788,190.19,2.6645352591003744E-14,41.474654377880185,2.105673633826449E-15,14.715
0,39.999999999999986,704.147465437788,190.19,2.6645352591003744E-14,41.47465437788018,2.0916358096009395E-15,14.715
0,39.999999999999986,704.147465437788,190.19,2.6645352591003744E-14,41.474654377880185,2.0776915708702664E-15,14.715
0,39.999999999999986,704.147465437788,190.19,2.6645352591003744E-14,41.47465437788018,2.0638402937311314E-15,14.715
0,39.999999999999986,704.147465437788,190.19,2.6645352591003744E-14,41.474654377880185,2.0500813584395907E-15,14.715
0,39.999999999999986,704.147465437788,190.19,2.6645352591003744E-14,41.47465437788018,2.036414149383327E-15,14.715
0,39.999999999999986,704.147465437788,190.19,2.6645352591003744E-14,41.474654377880185,2.0228380550541047E-15,14.715
0,39.999999999999986,704.147465437788,190.19,2.6645352591003744E-14,41.47465437788018,2.0093524680204105E-15,14.715
0,39.999999999999986,704.147465437788,190.19,2.6645352591003744E-14,41.474654377880185,1.9959567849002746E-15,14.715
0,39.999999999999986,704.147465437788,190.19,2.6645352591003744E-14,41.47465437788018,1.9826504063342725E-15,14.715
0,39.999999999999986,704.147465437788,190.19,2.6645352591003744E-14,41.474654377880185,1.969432736958711E-15,14.715
0,39.999999999999986,704.147465437788,190.19,2.6645352591003744E-14,41.47465437788018,1.9563031853789862E-15,14.715
0,39.999999999999986,704.147465437788,190.19,2.6645352591003744E-14,41.474654377880185,1.9432611641431264E-15,14.715
0,39.999999999999986,704.147465437788,190.19,2.6645352591003744E-14,41.47465437788018,1.9303060897155055E-15,14.715
0,39.999999999999986,704.147465437788,190.19,2.6645352591003744E-14,41.474654377880185,1.9174373824507356E-15,14.715
0,39.999999999999986,704.147465437788,190.19,2.6645352591003744E-14,41.47465437788018,1.9046544665677308E-15,14.715
0,39.999999999999986,704.147465437788,190.19,2.6645352591003744E-14,41.474654377880185,1.891956770123946E-15,14.715
0,39.999999999999986,704.147465437788,190.19,2.6645352591003744E-14,41.47465437788018,1.8793437249897866E-15,14.715
0,39.999999999999986,704.147465437788,190.19,2.6645352591003744E-14,41.474654377880185,1.866814766823188E-15,14.715
0,39.999999999999986,704.147465437788,190.19,2.6645352591003744E-14,41.47465437788018,1.854369335044367E-15,14.715
0,39.999999999999986,704.147465437788,190.19,2.6645352591003744E-14,41.474654377880185,1.8420068728107377E-15,14.715
